Txhash,From,To,Value_IN(ETH),Value_OUT(ETH),Method
0xb03020f2333a8a07fa4bb6f4664f8e138cef0702715d1eabf3dfb802155a1e79,0x6b9defc4b4ee0fe8bb684e58aca4a567656609bc,0xd8da6bf26964af9d7eed9e03e53415d37aa96045,0,0,0x546f2073
0x0ef98740461e35dfc6a92d2ca9a48f3a8ecaa53f91687abd6729b3c15f91ffa6,0x1d9620aa05834840377e146457fc062ac332f688,0xd8da6bf26964af9d7eed9e03e53415d37aa96045,0,0,0x45786520
0x011c3c6cbdcaf637729873ba703b4583144040c9ed9b87ed6d613292f7e70e3a,0xd8da6bf26964af9d7eed9e03e53415d37aa96045,0x68b3465833fb72a70ecdf485e0e4c7bd8665fc45,0,60.96051547,Multicall
0x634335be2647e4f3fe8e6431b1e6a51538e7202438de1796aa52ad038862ac56,0xd8da6bf26964af9d7eed9e03e53415d37aa96045,0xa0b86991c6218b36c1d19d4a2e9eb0ce3606eb48,0,0,Transfer
0x2cec9275c134038b257a98c5a512466f2151b70b98ea1440b82d4a36509d8c2b,0xd8da6bf26964af9d7eed9e03e53415d37aa96045,0x68b3465833fb72a70ecdf485e0e4c7bd8665fc45,0,7.427056034,Multicall
0xa2286d60a99b8a102ec883807cba4c3df2547cedba85e769908df7ddfd08108f,0xd8da6bf26964af9d7eed9e03e53415d37aa96045,0x68b3465833fb72a70ecdf485e0e4c7bd8665fc45,0,0.00378883,Multicall
0xbd8ecf2cb086a16598bb079e2958ed6e3d7dd0689bad3d28352aaf878379b090,0xd8da6bf26964af9d7eed9e03e53415d37aa96045,0x4e4a47cac6a28a62dcc20990ed2cda9bc659469f,0,0,Approve
0xf0461adb532f1e5021373f9fc0e776e9335de42b8709e704c4ee6f7df367edbd,0xd8da6bf26964af9d7eed9e03e53415d37aa96045,0x68b3465833fb72a70ecdf485e0e4c7bd8665fc45,0,0,Multicall
0x9a0d4aab2c838da8f50c909aaf0187921dd8661e61d02dc59471180820455739,0xd8da6bf26964af9d7eed9e03e53415d37aa96045,0xa0b86991c6218b36c1d19d4a2e9eb0ce3606eb48,0,0,Transfer
0xaf87d7a73ed79fb063ada2a36ef49e95ca773caa09d6f499345e173a31fc2c2c,0xd8da6bf26964af9d7eed9e03e53415d37aa96045,0x4976fb03c32e5b8cfe2b6ccb31c09ba78ebaba41,0,0,Set Contenthash
0x98564eefd0e3ae24ee791c9edf501e4f1d065f9e47b2fd535f2f3eaed2459255,0xb9826e3af06c77fc035d6a6593334bebf5d3bf2f,0xd8da6bf26964af9d7eed9e03e53415d37aa96045,0.001,0,0x56697461
0xcc05ce8a9a7f77f52093930c4513702dcfc9f7fbd847d43afeb99d4dbbc7bb65,0xd8da6bf26964af9d7eed9e03e53415d37aa96045,0x20d4db1946859e2adb0e5acc2eac58047ad41395,0,0,Approve
0xffbfa58d2818293383592f851c8ecc5487029c0134f094759ba842596ad40e3f,0xd8da6bf26964af9d7eed9e03e53415d37aa96045,0x68b3465833fb72a70ecdf485e0e4c7bd8665fc45,0,0,Multicall
0xcbc79e39b8ee1d85166f9a9afdd4adbe3740d3ee0a29c3fd8e1c369cbf87ec76,0xb04681ef3eec95977baf30dd38c665c82e33edcf,0xd8da6bf26964af9d7eed9e03e53415d37aa96045,0.00001,0,0x6d6f6f6e
0x7a69baa1eb1c5179d74b522476db707e8dcd4761b0e1e25f0b18f94549accbfa,0x19a1fcd731895cb0f2be59f21eabd8d1893a4dbe,0xd8da6bf26964af9d7eed9e03e53415d37aa96045,0,0,Transfer
0x95ddb4b424b3bc86183990719cb3dba08810fb3ce397a6f279b8b033e3b2e323,0xd8da6bf26964af9d7eed9e03e53415d37aa96045,0xa06c2b67e7435ce25a5969e49983ec3304d8e787,0,0,Exec Transaction
0x366f039af6033c26d1630a2258db6adf3776a6bfb18b7798dd4e68e2716cc01c,0xd8da6bf26964af9d7eed9e03e53415d37aa96045,0xa06c2b67e7435ce25a5969e49983ec3304d8e787,0,0,Exec Transaction
0xe937b5991c4b2c7d867fc0d1ea9fa0b2913554d1db1d997e08c5f13765cd1b23,0xd8da6bf26964af9d7eed9e03e53415d37aa96045,0xa06c2b67e7435ce25a5969e49983ec3304d8e787,0,0,Exec Transaction
0xe72d3caa31ed601ae759b849d6dc07f3995efe46c23d479a88655adef6832511,0xd8da6bf26964af9d7eed9e03e53415d37aa96045,0x4dd1422f28ac835eb5bf1a8250d600dc388a31e7,0,4,Transfer
0xe592ae092eab43845101c5b765431cbef43cc82fb7ff8052ce76002f54e78c61,0xd8da6bf26964af9d7eed9e03e53415d37aa96045,0x4dd1422f28ac835eb5bf1a8250d600dc388a31e7,0,4,Transfer
0x6b7f6a0769d1f5a5c7328d5f1c2d7f97144723f9662185d12117aba4255bf2b2,0xd8da6bf26964af9d7eed9e03e53415d37aa96045,0x3afada326d4524318ce93f5ed302ddb3af507b05,0,1.2,Transfer
0x4b8a5ce1f8ba0ee1ccbe65a8f8dd10e6593d4799ab11c16d098a12f4f969ad72,0xd8da6bf26964af9d7eed9e03e53415d37aa96045,0xa0b86991c6218b36c1d19d4a2e9eb0ce3606eb48,0,0,Transfer
0xe6bd112b98e481d950192ae49e430cd8241386679cc860da34e8f8e5bfb8b425,0xd8da6bf26964af9d7eed9e03e53415d37aa96045,0x3a8ec7b39c37919358e554f7288185d9b75c7283,0,10,Transfer
0x4570ffbdcb23f8ec0867fe1234b4535dbdac8821a6017c3ff57cd8948efaa2a6,0xd8da6bf26964af9d7eed9e03e53415d37aa96045,0xa06c2b67e7435ce25a5969e49983ec3304d8e787,0,0,Exec Transaction
0x82daf67436be91729b073e936588ee6ea42e50eedb7e15e1fa2173f47ef9f7b3,0xd8da6bf26964af9d7eed9e03e53415d37aa96045,0xa06c2b67e7435ce25a5969e49983ec3304d8e787,0,0,Exec Transaction
0xbbe03bace61b412cb97532d4f4ce756812285a754e2ab91869cd5185b2494cf7,0xd8da6bf26964af9d7eed9e03e53415d37aa96045,0xa06c2b67e7435ce25a5969e49983ec3304d8e787,0,0,Exec Transaction
0x289d1ebf7f34b174e4fc73478a48076f7ef6fa15db8ebaecd1aef56f98bd46d0,0xd8da6bf26964af9d7eed9e03e53415d37aa96045,0xa06c2b67e7435ce25a5969e49983ec3304d8e787,0,0,Exec Transaction
0x8ca1f6296597342dd6fa4f32a5d76a844c82c1cfedcd47ca1593008b1a29146d,0xd8da6bf26964af9d7eed9e03e53415d37aa96045,0xa06c2b67e7435ce25a5969e49983ec3304d8e787,0,0,Exec Transaction
0x9797d791ce2966c009809d424be9ada5251063419a105019b2c8fcbbfddb9831,0xd8da6bf26964af9d7eed9e03e53415d37aa96045,0xa06c2b67e7435ce25a5969e49983ec3304d8e787,0,0,Exec Transaction
0x62e76fd36f9f5908dbabafad39971b19da2926d36fd18eae5f9166d1ee9da8c3,0xd8da6bf26964af9d7eed9e03e53415d37aa96045,0xa06c2b67e7435ce25a5969e49983ec3304d8e787,0,0,Exec Transaction
0xbfea89534518671a792fbe8e14c896cdaa39fdcdf2554b4401a268c480ac3aba,0xd8da6bf26964af9d7eed9e03e53415d37aa96045,0xa06c2b67e7435ce25a5969e49983ec3304d8e787,0,0,Exec Transaction
0x71f5d825d60f29ec6fe3a14b8b649c53c5f498b083397e1692fb197484bfec26,0xd8da6bf26964af9d7eed9e03e53415d37aa96045,0xa06c2b67e7435ce25a5969e49983ec3304d8e787,0,0,Exec Transaction
0x6e6c65173b55dd603577280b998acac41b3f97a625bc186c3476ce6fbbcfd696,0xd8da6bf26964af9d7eed9e03e53415d37aa96045,0x356a1d6fdeaec132fbeaa7822e4bf4a9c77e0be8,0,0.011,Transfer
0xfb823fcbbc8d45abe44cc4bc807dce73ebd20264035eaaeea79dcb97ea147533,0xd8da6bf26964af9d7eed9e03e53415d37aa96045,0xa06c2b67e7435ce25a5969e49983ec3304d8e787,0,0,Exec Transaction
0x31ad6e86ece5865f20064a5c2d983c88e830e3a57ae7a1286a24225214c2994f,0xdbebb14e983df697312fba8da2d94df3f640e313,0xd8da6bf26964af9d7eed9e03e53415d37aa96045,0.00022,0,Transfer
0xcbd396e130c646b0ff40deca57274e186086f9c48e9becbc26177acd34b77c67,0xd8da6bf26964af9d7eed9e03e53415d37aa96045,0x356a1d6fdeaec132fbeaa7822e4bf4a9c77e0be8,0,119,Transfer
0x5aa1a06f9a0a105288de0da80676661295a3e08fc6a73da0255551c24165afcf,0xd8da6bf26964af9d7eed9e03e53415d37aa96045,0xde21f729137c5af1b01d73af1dc21effa2b8a0d6,0,60,Transfer
0x53c734d957ee5aaa2d91803eb5ccd54391deff06e87839de3c48d366b2184052,0xd8da6bf26964af9d7eed9e03e53415d37aa96045,0x7450b5add06b094b839054659525ae40b9e70fb4,0,500,Transfer
0x85d3f890e99e55a463eaf1702010bd7d3b13fdeefc2e571a09f40c349686793c,0x6e7358fd9d88f8bde88dc42c6c57109f9850d080,0xd8da6bf26964af9d7eed9e03e53415d37aa96045,0.001,0,Transfer
0x3a0eb91bf658fd9e39758e8fbf89568a270ac89cb1583be067fade3448b341e2,0x3510a06cd853b80dc0a85be6e6dcc83efbc92845,0xd8da6bf26964af9d7eed9e03e53415d37aa96045,0,0,0x45636f73
0x2d2d3d20d4d84f38f95647ea81d41ddae548cda71c6f34154e22d8ae5b79e67f,0x9117640ecab0340bcf3ed216d862b824fd33849a,0xd8da6bf26964af9d7eed9e03e53415d37aa96045,0.0001,0,Transfer
0x4dfec8c5447fe36af64e02c2d69c2b07038f0e3b634fb99bb358a6b309d590a5,0x6f5bad7e59bed7c49518957ebb6be357ba13e680,0xd8da6bf26964af9d7eed9e03e53415d37aa96045,0.003073584,0,Transfer
0x21b0614a7d4b2e41830861ade78bace34f8244d438a9edf9e86df21d64803899,0x033b20799a993a40bb693b7a4b801f94773a0f77,0xd8da6bf26964af9d7eed9e03e53415d37aa96045,0.00001,0,Transfer
0xdccc2ccced0674d1017b84ee0c998c2a95124003e4f1a024a5d729e00ca18eb7,0xd8da6bf26964af9d7eed9e03e53415d37aa96045,0xa06c2b67e7435ce25a5969e49983ec3304d8e787,0,0,Exec Transaction
0x8960c3f923940e09041ad3f70a19fc8968c485632b65f3a552b57c4bd99a7a48,0xd8da6bf26964af9d7eed9e03e53415d37aa96045,0xa06c2b67e7435ce25a5969e49983ec3304d8e787,0,0,Exec Transaction
0xb975ebf76babbcc2cdb83082b62547284b1d7097569176ab1d8c8b0cadbda0c9,0xd8da6bf26964af9d7eed9e03e53415d37aa96045,0xa06c2b67e7435ce25a5969e49983ec3304d8e787,0,0,Exec Transaction
0x42b11999f7a594e495e66336675e9c72e484bccb352af13f6b3b25f7c27e7007,0xad10855eaaa90532018180caf7b2d67001a4b649,0xd8da6bf26964af9d7eed9e03e53415d37aa96045,0,0,0x77686f20
0xcc9c0a407480d9e7e26deea51bb5c886d2f242707fd12a2e38ba4c6787e70185,0xd8da6bf26964af9d7eed9e03e53415d37aa96045,0x5bf5bcc5362f88721167c1068b58c60cad075aac,0,0,Set Message
0x14c215e9dd15dbf850eb7ddb1e559ef71f6e1b058411c36933deb6d8652e56be,0xedd2529a8993061170af961c75cd092e6f521026,0xd8da6bf26964af9d7eed9e03e53415d37aa96045,0,0,0x30313130
0x24355ca5eb4f4b6e4ea2ec94a316a60b6582e55e40b7edb175d0580870a70c33,0xd8da6bf26964af9d7eed9e03e53415d37aa96045,0xa06c2b67e7435ce25a5969e49983ec3304d8e787,0,0,Exec Transaction
0xbaa6de5fb7fc3dcf5331734c37602422f502b7b8f8531067ec7adb255ee01e97,0xe0def774872ed742e03ceb51759ab9a5a9a9a496,0xd8da6bf26964af9d7eed9e03e53415d37aa96045,0.001,0,Transfer
0x7e0b0e304498521a859497fffebe26a19eb2293420122e4c0e306c515cd2d4aa,0x07a2797a8ead21b707a67bf2a656ccc552b44fe1,0xd8da6bf26964af9d7eed9e03e53415d37aa96045,0.000634772,0,Transfer
0xb44ea1419424a6ee80d968449953125c75986e978ea6186b31f7733093a36117,0x9bea6f8da78e7236350f012b58360fe1cefbf412,0xd8da6bf26964af9d7eed9e03e53415d37aa96045,0,0,0x49742773
0x81cb8266af00e3ee9e3b491cc1354dc69dd05a680bf801e5606b31fca231da66,0xd8da6bf26964af9d7eed9e03e53415d37aa96045,0xa06c2b67e7435ce25a5969e49983ec3304d8e787,0,0,Exec Transaction
0xbaf68f391df3460845247a6c5bd19575e1397617fda09d51b689b6e70562f7f7,0x9bea6f8da78e7236350f012b58360fe1cefbf412,0xd8da6bf26964af9d7eed9e03e53415d37aa96045,0,0,0x57652077
0xea7cf5571f7b9f894ce53dc2680a1293368f97231045fe0aeed0aa14b656fb69,0xfd54dbab9b73bea0aa8211cb548378193ec93cfc,0xd8da6bf26964af9d7eed9e03e53415d37aa96045,3.69E-16,0,-
0xb5e3a4e4dc15cf4381b5df78bc6f64b04bc2ff047dce4d35225a43832ee398ae,0xfd54dbab9b73bea0aa8211cb548378193ec93cfc,0xd8da6bf26964af9d7eed9e03e53415d37aa96045,3.69E-16,0,0x2e2e2e20
0x6c98fdf3f9267b9367fa71ea955a48598173380787c75a5c029a096b67e84d68,0xfd54dbab9b73bea0aa8211cb548378193ec93cfc,0xd8da6bf26964af9d7eed9e03e53415d37aa96045,3.69E-16,0,0x31353636
0xe6b3f1f0163ea9721a37928139b111a8bd83a40c3f14c9ae0865307b0ba82b16,0x7a5977185b1341e3f2fcfc5384134364efd2fe5a,0xd8da6bf26964af9d7eed9e03e53415d37aa96045,1E-15,0,0x49207761
0x23765f327e47f9369cdaff73207962435ec857da08894480744947a0d53bd8c5,0xa6028c63e4d9f7be67ffbf3c79cb884eb8c70629,0xd8da6bf26964af9d7eed9e03e53415d37aa96045,0.02,0,Transfer
0x48a1cda142483dc9c2f18f4fb81fa9f7c440658809b0ca213ba08d1356d80e08,0x9bea6f8da78e7236350f012b58360fe1cefbf412,0xd8da6bf26964af9d7eed9e03e53415d37aa96045,0,0,0x4c657420
0x661c62e1fabd5205ce2216016d69ec91886fe6f91202675226fcc4780d6877e5,0x00d5cbfb11c95ed8345caaddf0fff073fa4dba7e,0xd8da6bf26964af9d7eed9e03e53415d37aa96045,0.001041203,0,Transfer
0x88262c2a06c7d9bac25993d524211c3c52f0e222f91502a883b6ced03a91c1ac,0x9bea6f8da78e7236350f012b58360fe1cefbf412,0xd8da6bf26964af9d7eed9e03e53415d37aa96045,0,0,0x4d656c6f
0x27bc4abcb1fd30a0c7b8f7e53038bd27f211af627736874786521c1e00e3e35b,0x9bea6f8da78e7236350f012b58360fe1cefbf412,0xd8da6bf26964af9d7eed9e03e53415d37aa96045,0,0,0x4d657267
0x7335840c9ad83392b245532cbe39fd36901969bef579720051dd4ba977298dea,0xc64434b8a7fcd1c597a67bc151a6e3424aebd3e2,0xd8da6bf26964af9d7eed9e03e53415d37aa96045,0,0,Transfer
0xdbd59729237fb4fb1fa132e94f010197a84a560529a2db2293fb78c7f1ef1e0f,0xd8da6bf26964af9d7eed9e03e53415d37aa96045,0x4976fb03c32e5b8cfe2b6ccb31c09ba78ebaba41,0,0,Set Contenthash
