"Txhash","Blockno","UnixTimestamp","DateTime","From","To","ContractAddress","Value_IN(ETH)","Value_OUT(ETH)","CurrentValue @ $1579.84/Eth","TxnFee(ETH)","TxnFee(USD)","Historical $Price/Eth","Status","ErrCode","Method"
"0x680371ffdda01296092c6489ceb4d9b9d2d1132741c52ffc847fe4c8beb26da7","14888635","1654139900","2022-06-02 03:18:20","0xd8da6bf26964af9d7eed9e03e53415d37aa96045","0xa06c2b67e7435ce25a5969e49983ec3304d8e787","","0","0","0","0.003433018073958385","5.42361927396241","1833.26","","","Exec Transaction",""
"0x63660ba204426e265f6c702a4a8015b82edf87d5d2ce6a4d9acabc9f2858a0f2","14894814","1654226581","2022-06-03 03:23:01","0xd8da6bf26964af9d7eed9e03e53415d37aa96045","0xa06c2b67e7435ce25a5969e49983ec3304d8e787","","0","0","0","0.004635460761405048","7.32328632929815","1773.59","","","Exec Transaction",""
"0x826459a2a606dbc9d7edba3080a49782b8ea9d1a1e8652620296dc0e82699651","14894821","1654226666","2022-06-03 03:24:26","0xd8da6bf26964af9d7eed9e03e53415d37aa96045","0xa06c2b67e7435ce25a5969e49983ec3304d8e787","","0","0","0","0.004055483735230858","6.40701542426712","1773.59","","","Exec Transaction",""
"0x114e81cc4af8d9224e6989b12582cdef9b3134be1b2cf2ce2bc492ab1e9eba87","14894827","1654226849","2022-06-03 03:27:29","0xd8da6bf26964af9d7eed9e03e53415d37aa96045","0xa06c2b67e7435ce25a5969e49983ec3304d8e787","","0","0","0","0.006610811611331221","10.4440246160455","1773.59","","","Exec Transaction",""
"0x695dcf37893be6b93de445859b133e17dbaee8b7890ec28b126925d4d29bf7ca","14914323","1654509408","2022-06-06 09:56:48","0xa41db7f881b85b4acaccc42e990fa877e4a8ee78","0xd8da6bf26964af9d7eed9e03e53415d37aa96045","","0.01","0","15.7984","0.000671420984031","1.06073772741153","1858.56","","","Transfer",""
"0xf3be7f793377149e71575964d00951a9066edeb5def61a50c929e5748a0dbbde","14927412","1654701586","2022-06-08 15:19:46","0xd8da6bf26964af9d7eed9e03e53415d37aa96045","0xa0b86991c6218b36c1d19d4a2e9eb0ce3606eb48","","0","0","0","0.004754274","7.51099223616","1791.03","","","Transfer",""
"0x0c1e0b69e4af1815834db4fdc946e2a24f7a7625c992709cdd86c507067ff95e","14929873","1654737292","2022-06-09 01:14:52","0xd8da6bf26964af9d7eed9e03e53415d37aa96045","0x283af0b28c62c092c9727f1ee09c02ca627eb7f5","","0","0.01534579708300888","24.2439040636208","0.007310546458932395","11.5494937176798","1787.71","","","Renew",""
"0xa78e58926457a5b14ae07d35c84a40dca228e04a48e07a75bcd1f2830c3bc256","14940348","1654892290","2022-06-10 20:18:10","0xd8da6bf26964af9d7eed9e03e53415d37aa96045","0xa06c2b67e7435ce25a5969e49983ec3304d8e787","","0","0","0","0.00461868942780641","7.29679030562568","1661.10","","","Exec Transaction",""
"0x77849be415695681d8f2424514f333532bceb1d8e7a450c391dcad046623cf40","14953444","1655085409","2022-06-13 01:56:49","0xd8da6bf26964af9d7eed9e03e53415d37aa96045","0x6248230fba26a2161a71b01486884db41d6524a6","","0","500","789920","0.008506884556884438","13.4395164983483","1209.12","","","Execute",""
"0x6e1a6db2dfb8f96cbcc5520f3c06aaa9aeaa1ba4457aa305985aad2557ff82d2","14955435","1655115103","2022-06-13 10:11:43","0xd8da6bf26964af9d7eed9e03e53415d37aa96045","0x68b3465833fb72a70ecdf485e0e4c7bd8665fc45","","0","0","0","0.054800110880448164","86.5754071733672","1209.12","","","Multicall",""
"0x97b5b611bc0b9b950f9412cc2d43653121af099bf4b137d00a6c2f4af6b6a29b","14983305","1655529999","2022-06-18 05:26:39","0xd8da6bf26964af9d7eed9e03e53415d37aa96045","0x6248230fba26a2161a71b01486884db41d6524a6","","0","1000","1579840","0.005992488","9.46717224192","994.41","","","Execute",""
"0x1aebc0b8d4c5e2e7793486897873263c627678d8c1444a856720b35d6eeaaba4","14983313","1655530103","2022-06-18 05:28:23","0xd8da6bf26964af9d7eed9e03e53415d37aa96045","0x68b3465833fb72a70ecdf485e0e4c7bd8665fc45","","0","0","0","0.004564653520965138","7.21142221856156","994.41","","","Multicall",""
"0xc35df6fa270bdd5730665adc4e18cb714808db60f4fc93d310c584bc2f806d77","14996093","1655721322","2022-06-20 10:35:22","0x22d8333eb47b96d8e9530bccc467a1f99281489f","0xd8da6bf26964af9d7eed9e03e53415d37aa96045","","0.001","0","1.57984","0.00021","0.3317664","1126.99","","","Transfer",""
"0xf8319331571a29483579963d3dc4624c4b17adc21e141a9416e1b8a26b8e0210","15007754","1655902980","2022-06-22 13:03:00","0xd8da6bf26964af9d7eed9e03e53415d37aa96045","0x7d655c57f71464b6f83811c55d84009cd9f5221c","","0","0.165","260.6736","0.004583612969688718","7.24137511403302","1048.30","","","Donate",""
"0xff836758147a9c4f49b6eee31d4ab0bbae0fbf4d801d728ef5bd0355806f1c3a","15012839","1655985461","2022-06-23 11:57:41","0x4e8f1cf9a9ddcadee3340dada2cba5508d340b4e","0xd8da6bf26964af9d7eed9e03e53415d37aa96045","","0.01","0","15.7984","0.000397008","0.62720911872","1143.46","","","0xe69d8ee5",""
"0xbbb4eb5473dc6f2449baf392a0ee730364328b5535495f3d0fc7ea6ffcb63d38","15013611","1655998212","2022-06-23 15:30:12","0xd8da6bf26964af9d7eed9e03e53415d37aa96045","0xa06c2b67e7435ce25a5969e49983ec3304d8e787","","0","0","0","0.003798259980916674","6.0006430482514","1143.46","","","Exec Transaction",""
"0x225d40b608edaf4c25a41784d53afaa25a80d463df0ba344e16c385f9d37359f","15013618","1655998319","2022-06-23 15:31:59","0xd8da6bf26964af9d7eed9e03e53415d37aa96045","0xa06c2b67e7435ce25a5969e49983ec3304d8e787","","0","0","0","0.00589123155348431","9.30720325745665","1143.46","","","Exec Transaction",""
"0x884ddb0f940ece01a870aaa90de1db477f08001acbf973b29f6c989a5112c955","15014187","1656007491","2022-06-23 18:04:51","0xd8da6bf26964af9d7eed9e03e53415d37aa96045","0xa06c2b67e7435ce25a5969e49983ec3304d8e787","","0","0","0","0.024811386282387485","39.198020504367","1143.46","","","Exec Transaction",""
"0x924803cc9a7c6a07530736adc557f2b5a530938508551fc67328a03911013e11","15014191","1656007582","2022-06-23 18:06:22","0xd8da6bf26964af9d7eed9e03e53415d37aa96045","0xa06c2b67e7435ce25a5969e49983ec3304d8e787","","0","0","0","0.027492976425136596","43.4345038754878","1143.46","","","Exec Transaction",""
"0xf68b61dc43bee7de4328ee20778c828ced38f9112da18f9a01f96c3066487755","15038155","1656394417","2022-06-28 05:33:37","0xd8da6bf26964af9d7eed9e03e53415d37aa96045","0xa06c2b67e7435ce25a5969e49983ec3304d8e787","","0","0","0","0.001838108926601206","2.90391800660165","1142.41","","","Exec Transaction",""
"0x607c66b22acd9298b94f9adf4d582aa4b40508e7bb59bfec5ed60dbb82dd40cf","15038158","1656394457","2022-06-28 05:34:17","0xd8da6bf26964af9d7eed9e03e53415d37aa96045","0xa06c2b67e7435ce25a5969e49983ec3304d8e787","","0","0","0","0.00234773288286383","3.70904231766359","1142.41","","","Exec Transaction",""
"0x2bb092cbdfe3181b8bbc9f6cf3a7a75d411f14a19b55a112894e166d8c434456","15038162","1656394518","2022-06-28 05:35:18","0xd8da6bf26964af9d7eed9e03e53415d37aa96045","0xa06c2b67e7435ce25a5969e49983ec3304d8e787","","0","0","0","0.001901062038613766","3.00337385108357","1142.41","","","Exec Transaction",""
"0x7875fd0cd7c453d2b690f91347fbacfef0ce708be1bce24f3af41ab3917eebb2","15041162","1656443327","2022-06-28 19:08:47","0xd8da6bf26964af9d7eed9e03e53415d37aa96045","0xa06c2b67e7435ce25a5969e49983ec3304d8e787","","0","0","0","0.00565280141661719","8.9305217900285","1142.41","","","Exec Transaction",""
"0x40a13dde9a3230f9888d907f1abe134af9b856764a4ef368a19d7ac68d1f5f9f","15041167","1656443398","2022-06-28 19:09:58","0xd8da6bf26964af9d7eed9e03e53415d37aa96045","0xa06c2b67e7435ce25a5969e49983ec3304d8e787","","0","0","0","0.004320984218215156","6.82646370730503","1142.41","","","Exec Transaction",""
"0x0c5bc95dce6b3a5cc040fabc6c9e286d2773a830459a4068b5cf216b211a1993","15041173","1656443461","2022-06-28 19:11:01","0xd8da6bf26964af9d7eed9e03e53415d37aa96045","0xa06c2b67e7435ce25a5969e49983ec3304d8e787","","0","0","0","0.004523458314991055","7.14634038435547","1142.41","","","Exec Transaction",""
"0x79f7e517e2bb82d4461de19ff6ae322c7252ff96a6dfa16a45e597fa92d5adb2","15048938","1656569018","2022-06-30 06:03:38","0xd8da6bf26964af9d7eed9e03e53415d37aa96045","0xa06c2b67e7435ce25a5969e49983ec3304d8e787","","0","0","0","0.007589016068475067","11.9894311456196","1069.53","","","Exec Transaction",""
"0x8bcc1dd55035aec8d5725444bc0781103545171d9914ccc90e5d29ba87367ad7","15051638","1656611409","2022-06-30 17:50:09","0xd8da6bf26964af9d7eed9e03e53415d37aa96045","0xa06c2b67e7435ce25a5969e49983ec3304d8e787","","0","0","0","0.004683591069084757","7.39932451458286","1069.53","","","Exec Transaction",""
"0xc127e732896a7a08c47f7792f5fd0d73672a2639fc7d3206f8c8274efbda8894","15065965","1656803636","2022-07-02 23:13:56","0x2151cf5da5521d1a972b2fabd376f6592537f0df","0xd8da6bf26964af9d7eed9e03e53415d37aa96045","","0.0000001","0","0.000157984","0.000192299006613","0.303801662607482","1065.69","","","Transfer",""
"0xc98668a082f62087b940feaf1b17b861728e1664c7ce5a4643e762799c8f7bc2","15096262","1657207972","2022-07-07 15:32:52","0xd8da6bf26964af9d7eed9e03e53415d37aa96045","0x68b3465833fb72a70ecdf485e0e4c7bd8665fc45","","0","699.616448778938454824","1105282.05043892","0.022371997065524376","35.344175843998","1236.64","","","Multicall",""
"0x3b22e2f6a065c6229e83f972afc7edd4894e678e790f33ee117eb6daa24c8790","15108474","1657371405","2022-07-09 12:56:45","0xb7338951d8aaf32ec72e72aff962aa0ee315cc6b","0xd8da6bf26964af9d7eed9e03e53415d37aa96045","","0.002","0","3.15968","0.000205278252711","0.324306794762946","1216.53","","","Transfer",""
"0x90fdc8fab7f573efa6c9f25a76ebca6dd2d3e2fc44db3efc55dd4667a41e8816","15110656","1657399975","2022-07-09 20:52:55","0x80939d8ac75588de8bc1cbb67f9deda38c65e6a3","0xd8da6bf26964af9d7eed9e03e53415d37aa96045","","0.000012923372927963","0","0.0204168614865131","0.0006354423101254","1.00389717922851","1216.53","","","0x656c6f20",""
"0x2de4ac860129730b9325faff04450a5e2c73538d5a650065e68cae8716d7f725","15117332","1657488971","2022-07-10 21:36:11","0xfbaa1d8f54c0d66f310368d2b62226cbe68614c5","0xd8da6bf26964af9d7eed9e03e53415d37aa96045","","0.0055","0","8.68912","0.000238719419421","0.377138487578073","1167.31","","","Transfer",""
"0x7e8ac2d07f49d0d74e5e9538e10f7e48bc3e2d43288564af97222ce340f86753","15121554","1657545677","2022-07-11 13:21:17","0xd8da6bf26964af9d7eed9e03e53415d37aa96045","0x0ca1b34306310ca4fe81c82251bb72978ebbeecf","","0","16","25277.44","0.000863972246613","1.36493791408908","1095.67","","","Transfer",""
"0x77d397d0a555785832edf181e4e755460053345459be2a14223257f2179d068b","15121554","1657545677","2022-07-11 13:21:17","0xd8da6bf26964af9d7eed9e03e53415d37aa96045","0x8f315cebd2eb6304a49d50d551608ffd06c8810a","","0","8","12638.72","0.000863972246613","1.36493791408908","1095.67","","","Transfer",""
"0xa94b7448b8e80e1ac90fcdc91d377e5b8881f764e90a8aa57cb088c0dab1078b","15121559","1657545728","2022-07-11 13:22:08","0xd8da6bf26964af9d7eed9e03e53415d37aa96045","0x22d48b5f228ab952e538c12fa72b85baccb9b901","","0","8","12638.72","0.000681884210763","1.07726795153182","1095.67","","","Transfer",""
"0x0474e9171fdcc03e80ca127b91dd549e757ddfdea312215e92f7183840e6efd7","15121562","1657545755","2022-07-11 13:22:35","0xd8da6bf26964af9d7eed9e03e53415d37aa96045","0x89f9798a8d8bac15a47031779cc6aa08d8059c52","","0","4","6319.36","0.000702835103712","1.11036701024837","1095.67","","","Transfer",""
"0xd8d586ad33434be0f51c5c9d6996b1c8b208b04155683eee377849b67a0b13cd","15148149","1657899857","2022-07-15 15:44:17","0xd8da6bf26964af9d7eed9e03e53415d37aa96045","0xd90e2f925da726b50c4ed8d0fb90ad053324f31b","","0","100","157984","0.0288334154546732","45.5521830719109","1231.23","","","Deposit",""
"0xfeb399764590a7c1ca321492b4634ceba530093d43d814aa1c5afdf3fa03b092","15148168","1657900086","2022-07-15 15:48:06","0xd8da6bf26964af9d7eed9e03e53415d37aa96045","0xd90e2f925da726b50c4ed8d0fb90ad053324f31b","","0","100","157984","0.035557818711904104","56.1756643138146","1231.23","","","Deposit",""
"0x0f82d42f6d455f3b745be670a04d37a254d02a4b1ae35af967ed7d90de34ffdc","15148175","1657900128","2022-07-15 15:48:48","0xd8da6bf26964af9d7eed9e03e53415d37aa96045","0xd90e2f925da726b50c4ed8d0fb90ad053324f31b","","0","10","15798.4","0.028594544927823212","45.1748058587722","1231.23","","","Deposit",""
"0x98c40bdde8edd84ba4c483bfca447bb3209957c1be90582d5fbf8630845df814","15148191","1657900303","2022-07-15 15:51:43","0xd8da6bf26964af9d7eed9e03e53415d37aa96045","0xd90e2f925da726b50c4ed8d0fb90ad053324f31b","","0","10","15798.4","0.028360835743843008","44.8055827415529","1231.23","","","Deposit",""
"0x673ad35478c57a52087fe0b02f360bc24b8608419f98148fcbacaa15aab78c6e","15165016","1658125769","2022-07-18 06:29:29","0xd8da6bf26964af9d7eed9e03e53415d37aa96045","0x6b175474e89094c44da98b954eedeac495271d0f","","0","0","0","0.00082676176761362","1.3061513109467","1583.55","","","Transfer",""
"0x5e1687b92e4cb7afe5ca794c7e21269a7a3776733a5b69ebe67f3f7a1ec5cd5c","15183420","1658372544","2022-07-21 03:02:24","0x07312b44146e87e59a000fca6f2ac2e51e597080","0xd8da6bf26964af9d7eed9e03e53415d37aa96045","","0.003357079072640477","0","5.30364780212033","0.000442692681606","0.699383606108423","1575.68","","","Transfer",""
"0x3231e9bd7ada4fbeca3f44fb89e3f4815da634ab082cfb723050f1b20fc141e5","15185084","1658395082","2022-07-21 09:18:02","0x0ed54b1b1cce30abefaedf4739622e88dd6fcdb2","0xd8da6bf26964af9d7eed9e03e53415d37aa96045","","0.00004","0","0.0631936","0.000229129269201","0.361987584654508","1575.68","","","Transfer",""
"0xbe3783a61b032aba4871f70bb84eae64e074f1e5cfaec298c28ce08c5bde7249","15204249","1658651486","2022-07-24 08:31:26","0x85aa7a1d208586dc9b8294b568ea336273076c19","0xd8da6bf26964af9d7eed9e03e53415d37aa96045","","0.0001","0","0.157984","0.00015594586581","0.24636951664127","1597.72","","","Transfer",""
"0x8a51831beb9b9ba95876297f83099b7d8e3680ae633da590a3ef201d4f1699d9","15209424","1658721857","2022-07-25 04:04:17","0x106a4821eef5d786fb4253909652910c59bc7765","0xd8da6bf26964af9d7eed9e03e53415d37aa96045","","0","0","0","0.000786212776005104","1.2420903920439","1438.01","","","0x58585858",""
"0x402cc5ac59a9f98d4e41488b10c0053504bb1698e79442749203d0b5b22c2d18","15210879","1658741352","2022-07-25 09:29:12","0x766fd99f7d249e275b4cf9bae422d50cc3223869","0xd8da6bf26964af9d7eed9e03e53415d37aa96045","","0.00004581","0","0.0723724704","0.000063","0.09952992","1438.01","","","Transfer",""
"0x1d39dc48ad8f2c3b8fa239407711b28703727c2a2bc42ce541f557f1c117c727","15225783","1658942039","2022-07-27 17:13:59","0x65930c38f2bb0c9dddc54a0476e0bd1527feca7d","0xd8da6bf26964af9d7eed9e03e53415d37aa96045","","0.000001","0","0.00157984","0.000532651410879","0.841504004963079","1636.88","","","Transfer",""
"0x1bb4a76125ff921f25efe60ea1b43ee3ca5cdf3562a550d8e39732acf00ad0dc","15229184","1658987253","2022-07-28 05:47:33","0xd8da6bf26964af9d7eed9e03e53415d37aa96045","0xa06c2b67e7435ce25a5969e49983ec3304d8e787","","0","0","0","0.000794095704818784","1.25454415830091","1725.82","","","Exec Transaction",""
"0xe2bbe57f8cf8110b5d4f43b72d2dd477c4afefe855df2226e316c256e249dc52","15229186","1658987270","2022-07-28 05:47:50","0xd8da6bf26964af9d7eed9e03e53415d37aa96045","0xa06c2b67e7435ce25a5969e49983ec3304d8e787","","0","0","0","0.000689901508991311","1.08993399996483","1725.82","","","Exec Transaction",""
"0x88706f88a3f942938da56dd1aed6359a8b1542f687e0062eb1867464d9def42f","15229244","1658988011","2022-07-28 06:00:11","0x5017a5505efa3e1eaab5e35985e41a3f58964e09","0xd8da6bf26964af9d7eed9e03e53415d37aa96045","","0.00001","0","0.0157984","0.000299691978915","0.473465375969074","1725.82","","","Transfer",""
"0xd5cbecc9aab03feef000980dbf11f6e72871d28c44e5240d85255eee2237316c","15249530","1659261181","2022-07-31 09:53:01","0xd8da6bf26964af9d7eed9e03e53415d37aa96045","0x3fc2e15129574e44e9a5f9361f0df3dbab859338","","0","0.11","173.7824","0.000103218080091","0.163068051650965","1679.55","","","Transfer",""
"0x6d9bd28966a06a4800bfe3c5501c9d6fbf98c3a70879b7ff22d6d8760323d9d4","15249548","1659261403","2022-07-31 09:56:43","0xd8da6bf26964af9d7eed9e03e53415d37aa96045","0x3fc2e15129574e44e9a5f9361f0df3dbab859338","","0","299.89","473778.2176","0.000101011375563","0.15958181156945","1679.55","","","Transfer",""
"0xb03020f2333a8a07fa4bb6f4664f8e138cef0702715d1eabf3dfb802155a1e79","15254758","1659332055","2022-08-01 05:34:15","0x6b9defc4b4ee0fe8bb684e58aca4a567656609bc","0xd8da6bf26964af9d7eed9e03e53415d37aa96045","","0","0","0","0.00009311638508352","0.147108989810348","1630.62","","","0x546f2073",""
"0x0ef98740461e35dfc6a92d2ca9a48f3a8ecaa53f91687abd6729b3c15f91ffa6","15265534","1659475985","2022-08-02 21:33:05","0x1d9620aa05834840377e146457fc062ac332f688","0xd8da6bf26964af9d7eed9e03e53415d37aa96045","","0","0","0","0.00016725881060304","0.264242159343107","1631.11","","","0x45786520",""
"0x011c3c6cbdcaf637729873ba703b4583144040c9ed9b87ed6d613292f7e70e3a","15274088","1659591930","2022-08-04 05:45:30","0xd8da6bf26964af9d7eed9e03e53415d37aa96045","0x68b3465833fb72a70ecdf485e0e4c7bd8665fc45","","0","60.960515469607293886","96307.8607595044","0.002524884812384272","3.98891402199717","1607.96","","","Multicall",""
"0x634335be2647e4f3fe8e6431b1e6a51538e7202438de1796aa52ad038862ac56","15274096","1659591962","2022-08-04 05:46:02","0xd8da6bf26964af9d7eed9e03e53415d37aa96045","0xa0b86991c6218b36c1d19d4a2e9eb0ce3606eb48","","0","0","0","0.0005618962363386","0.887706150017174","1607.96","","","Transfer",""
"0x2cec9275c134038b257a98c5a512466f2151b70b98ea1440b82d4a36509d8c2b","15274105","1659592050","2022-08-04 05:47:30","0xd8da6bf26964af9d7eed9e03e53415d37aa96045","0x68b3465833fb72a70ecdf485e0e4c7bd8665fc45","","0","7.427056034207814857","11733.5602050829","0.001429091967880892","2.25773665453695","1607.96","","","Multicall",""
"0xa2286d60a99b8a102ec883807cba4c3df2547cedba85e769908df7ddfd08108f","15274112","1659592175","2022-08-04 05:49:35","0xd8da6bf26964af9d7eed9e03e53415d37aa96045","0x68b3465833fb72a70ecdf485e0e4c7bd8665fc45","","0","0.003788829948804386","5.98574510631912","0.001437142394083656","2.27045503986912","1607.96","","","Multicall",""
"0xbd8ecf2cb086a16598bb079e2958ed6e3d7dd0689bad3d28352aaf878379b090","15274112","1659592175","2022-08-04 05:49:35","0xd8da6bf26964af9d7eed9e03e53415d37aa96045","0x4e4a47cac6a28a62dcc20990ed2cda9bc659469f","","0","0","0","0.000501795649005976","0.792756838125601","1607.96","","","Approve",""
"0xf0461adb532f1e5021373f9fc0e776e9335de42b8709e704c4ee6f7df367edbd","15274144","1659592608","2022-08-04 05:56:48","0xd8da6bf26964af9d7eed9e03e53415d37aa96045","0x68b3465833fb72a70ecdf485e0e4c7bd8665fc45","","0","0","0","0.016657626920909178","26.3163853147292","1607.96","","","Multicall",""
"0x9a0d4aab2c838da8f50c909aaf0187921dd8661e61d02dc59471180820455739","15274153","1659592705","2022-08-04 05:58:25","0xd8da6bf26964af9d7eed9e03e53415d37aa96045","0xa0b86991c6218b36c1d19d4a2e9eb0ce3606eb48","","0","0","0","0.001049466465095067","1.65798910021579","1607.96","","","Transfer",""
"0xaf87d7a73ed79fb063ada2a36ef49e95ca773caa09d6f499345e173a31fc2c2c","15274734","1659600604","2022-08-04 08:10:04","0xd8da6bf26964af9d7eed9e03e53415d37aa96045","0x4976fb03c32e5b8cfe2b6ccb31c09ba78ebaba41","","0","0","0","0.00100051234530924","1.58064942361335","1607.96","","","Set Contenthash",""
"0x98564eefd0e3ae24ee791c9edf501e4f1d065f9e47b2fd535f2f3eaed2459255","15275326","1659608709","2022-08-04 10:25:09","0xb9826e3af06c77fc035d6a6593334bebf5d3bf2f","0xd8da6bf26964af9d7eed9e03e53415d37aa96045","","0.001","0","1.57984","0.00026660112413928","0.4211871199602","1607.96","","","0x56697461",""
"0xcc05ce8a9a7f77f52093930c4513702dcfc9f7fbd847d43afeb99d4dbbc7bb65","15281066","1659685782","2022-08-05 07:49:42","0xd8da6bf26964af9d7eed9e03e53415d37aa96045","0x20d4db1946859e2adb0e5acc2eac58047ad41395","","0","0","0","0.000432589772233008","0.683422625764595","1736.78","","","Approve",""
"0xffbfa58d2818293383592f851c8ecc5487029c0134f094759ba842596ad40e3f","15281067","1659685787","2022-08-05 07:49:47","0xd8da6bf26964af9d7eed9e03e53415d37aa96045","0x68b3465833fb72a70ecdf485e0e4c7bd8665fc45","","0","0","0","0.001077849633978605","1.70282996574476","1736.78","","","Multicall",""
"0xcbc79e39b8ee1d85166f9a9afdd4adbe3740d3ee0a29c3fd8e1c369cbf87ec76","15281790","1659695850","2022-08-05 10:37:30","0xb04681ef3eec95977baf30dd38c665c82e33edcf","0xd8da6bf26964af9d7eed9e03e53415d37aa96045","","0.00001","0","0.0157984","0.000147222423512712","0.232587873562323","1736.78","","","0x6d6f6f6e",""
"0x7a69baa1eb1c5179d74b522476db707e8dcd4761b0e1e25f0b18f94549accbfa","15288255","1659782790","2022-08-06 10:46:30","0x19a1fcd731895cb0f2be59f21eabd8d1893a4dbe","0xd8da6bf26964af9d7eed9e03e53415d37aa96045","","0","0","0","0.000114895195947","0.181516026364908","1690.67","","","Transfer",""
"0x95ddb4b424b3bc86183990719cb3dba08810fb3ce397a6f279b8b033e3b2e323","15311142","1660090695","2022-08-10 00:18:15","0xd8da6bf26964af9d7eed9e03e53415d37aa96045","0xa06c2b67e7435ce25a5969e49983ec3304d8e787","","0","0","0","0.001239321832554795","1.95793020394337","1854.05","","","Exec Transaction",""
"0x366f039af6033c26d1630a2258db6adf3776a6bfb18b7798dd4e68e2716cc01c","15317688","1660179796","2022-08-11 01:03:16","0xd8da6bf26964af9d7eed9e03e53415d37aa96045","0xa06c2b67e7435ce25a5969e49983ec3304d8e787","","0","0","0","0.005392760339965774","8.51969849549153","1881.06","","","Exec Transaction",""
"0xe937b5991c4b2c7d867fc0d1ea9fa0b2913554d1db1d997e08c5f13765cd1b23","15317692","1660179836","2022-08-11 01:03:56","0xd8da6bf26964af9d7eed9e03e53415d37aa96045","0xa06c2b67e7435ce25a5969e49983ec3304d8e787","","0","0","0","0.004321261297136465","6.82690144766807","1881.06","","","Exec Transaction",""
"0xe72d3caa31ed601ae759b849d6dc07f3995efe46c23d479a88655adef6832511","15326660","1660302720","2022-08-12 11:12:00","0xd8da6bf26964af9d7eed9e03e53415d37aa96045","0x4dd1422f28ac835eb5bf1a8250d600dc388a31e7","","0","4","6319.36","0.000264014173899","0.417100152492596","1959.26","","","Transfer",""
"0xe592ae092eab43845101c5b765431cbef43cc82fb7ff8052ce76002f54e78c61","15326705","1660303413","2022-08-12 11:23:33","0xd8da6bf26964af9d7eed9e03e53415d37aa96045","0x4dd1422f28ac835eb5bf1a8250d600dc388a31e7","","0","4","6319.36","0.000243802883289","0.385169547135294","1959.26","","","Transfer",""
"0x6b7f6a0769d1f5a5c7328d5f1c2d7f97144723f9662185d12117aba4255bf2b2","15327176","1660309938","2022-08-12 13:12:18","0xd8da6bf26964af9d7eed9e03e53415d37aa96045","0x3afada326d4524318ce93f5ed302ddb3af507b05","","0","1.2","1895.808","0.000253643945541","0.400716850923493","1959.26","","","Transfer",""
"0x4b8a5ce1f8ba0ee1ccbe65a8f8dd10e6593d4799ab11c16d098a12f4f969ad72","15346427","1660572230","2022-08-15 14:03:50","0xd8da6bf26964af9d7eed9e03e53415d37aa96045","0xa0b86991c6218b36c1d19d4a2e9eb0ce3606eb48","","0","0","0","0.00169702916473125","2.68103455560902","1899.64","","","Transfer",""
"0xe6bd112b98e481d950192ae49e430cd8241386679cc860da34e8f8e5bfb8b425","15355565","1660696071","2022-08-17 00:27:51","0xd8da6bf26964af9d7eed9e03e53415d37aa96045","0x3a8ec7b39c37919358e554f7288185d9b75c7283","","0","10","15798.4","0.000241759472346","0.381941284791105","1834.04","","","Transfer",""
"0x4570ffbdcb23f8ec0867fe1234b4535dbdac8821a6017c3ff57cd8948efaa2a6","15355755","1660698774","2022-08-17 01:12:54","0xd8da6bf26964af9d7eed9e03e53415d37aa96045","0xa06c2b67e7435ce25a5969e49983ec3304d8e787","","0","0","0","0.00092910159016565","1.4678318562073","1834.04","","","Exec Transaction",""
"0x82daf67436be91729b073e936588ee6ea42e50eedb7e15e1fa2173f47ef9f7b3","15355759","1660698816","2022-08-17 01:13:36","0xd8da6bf26964af9d7eed9e03e53415d37aa96045","0xa06c2b67e7435ce25a5969e49983ec3304d8e787","","0","0","0","0.000987012021602145","1.55932107220793","1834.04","","","Exec Transaction",""
"0xbbe03bace61b412cb97532d4f4ce756812285a754e2ab91869cd5185b2494cf7","15355766","1660698887","2022-08-17 01:14:47","0xd8da6bf26964af9d7eed9e03e53415d37aa96045","0xa06c2b67e7435ce25a5969e49983ec3304d8e787","","0","0","0","0.000874500844658516","1.38157141442531","1834.04","","","Exec Transaction",""
"0x289d1ebf7f34b174e4fc73478a48076f7ef6fa15db8ebaecd1aef56f98bd46d0","15355770","1660698943","2022-08-17 01:15:43","0xd8da6bf26964af9d7eed9e03e53415d37aa96045","0xa06c2b67e7435ce25a5969e49983ec3304d8e787","","0","0","0","0.00092604972536802","1.46301039812541","1834.04","","","Exec Transaction",""
"0x8ca1f6296597342dd6fa4f32a5d76a844c82c1cfedcd47ca1593008b1a29146d","15360846","1660768256","2022-08-17 20:30:56","0xd8da6bf26964af9d7eed9e03e53415d37aa96045","0xa06c2b67e7435ce25a5969e49983ec3304d8e787","","0","0","0","0.001014057606545102","1.60204876912421","1834.04","","","Exec Transaction",""
"0x9797d791ce2966c009809d424be9ada5251063419a105019b2c8fcbbfddb9831","15360856","1660768441","2022-08-17 20:34:01","0xd8da6bf26964af9d7eed9e03e53415d37aa96045","0xa06c2b67e7435ce25a5969e49983ec3304d8e787","","0","0","0","0.001547981812280819","2.44556358631373","1834.04","","","Exec Transaction",""
"0x62e76fd36f9f5908dbabafad39971b19da2926d36fd18eae5f9166d1ee9da8c3","15360870","1660768667","2022-08-17 20:37:47","0xd8da6bf26964af9d7eed9e03e53415d37aa96045","0xa06c2b67e7435ce25a5969e49983ec3304d8e787","","0","0","0","0.001215266873237655","1.91992721701578","1834.04","","","Exec Transaction",""
"0xbfea89534518671a792fbe8e14c896cdaa39fdcdf2554b4401a268c480ac3aba","15360872","1660768790","2022-08-17 20:39:50","0xd8da6bf26964af9d7eed9e03e53415d37aa96045","0xa06c2b67e7435ce25a5969e49983ec3304d8e787","","0","0","0","0.001426027855187806","2.2528958467399","1834.04","","","Exec Transaction",""
"0x71f5d825d60f29ec6fe3a14b8b649c53c5f498b083397e1692fb197484bfec26","15360875","1660768803","2022-08-17 20:40:03","0xd8da6bf26964af9d7eed9e03e53415d37aa96045","0xa06c2b67e7435ce25a5969e49983ec3304d8e787","","0","0","0","0.001681154735640362","2.65595549755407","1834.04","","","Exec Transaction",""
"0x6e6c65173b55dd603577280b998acac41b3f97a625bc186c3476ce6fbbcfd696","15367556","1660860571","2022-08-18 22:09:31","0xd8da6bf26964af9d7eed9e03e53415d37aa96045","0x356a1d6fdeaec132fbeaa7822e4bf4a9c77e0be8","","0","0.011","17.37824","0.000250476633855","0.395713005229483","1846.36","","","Transfer",""
"0xfb823fcbbc8d45abe44cc4bc807dce73ebd20264035eaaeea79dcb97ea147533","15368160","1660868618","2022-08-19 00:23:38","0xd8da6bf26964af9d7eed9e03e53415d37aa96045","0xa06c2b67e7435ce25a5969e49983ec3304d8e787","","0","0","0","0.002915850496540828","4.60657724845506","1609.05","","","Exec Transaction",""
"0x31ad6e86ece5865f20064a5c2d983c88e830e3a57ae7a1286a24225214c2994f","15369042","1660880581","2022-08-19 03:43:01","0xdbebb14e983df697312fba8da2d94df3f640e313","0xd8da6bf26964af9d7eed9e03e53415d37aa96045","","0.00022","0","0.3475648","0.000478215940881","0.755504672041439","1609.05","","","Transfer",""
"0xcbd396e130c646b0ff40deca57274e186086f9c48e9becbc26177acd34b77c67","15372047","1660922496","2022-08-19 15:21:36","0xd8da6bf26964af9d7eed9e03e53415d37aa96045","0x356a1d6fdeaec132fbeaa7822e4bf4a9c77e0be8","","0","119","188000.96","0.00036288683319","0.57330313454689","1609.05","","","Transfer",""
"0x5aa1a06f9a0a105288de0da80676661295a3e08fc6a73da0255551c24165afcf","15374090","1660950380","2022-08-19 23:06:20","0xd8da6bf26964af9d7eed9e03e53415d37aa96045","0xde21f729137c5af1b01d73af1dc21effa2b8a0d6","","0","60","94790.4","0.000292475318852116","0.462064207735327","1609.05","","","Transfer",""
"0x53c734d957ee5aaa2d91803eb5ccd54391deff06e87839de3c48d366b2184052","15390939","1661180660","2022-08-22 15:04:20","0xd8da6bf26964af9d7eed9e03e53415d37aa96045","0x7450b5add06b094b839054659525ae40b9e70fb4","","0","500","789920","0.000448780677324","0.709001665263548","1624.65","","","Transfer",""
"0x85d3f890e99e55a463eaf1702010bd7d3b13fdeefc2e571a09f40c349686793c","15392055","1661195477","2022-08-22 19:11:17","0x6e7358fd9d88f8bde88dc42c6c57109f9850d080","0xd8da6bf26964af9d7eed9e03e53415d37aa96045","","0.001","0","1.57984","0.000501764476584","0.792707590686467","1624.65","","","Transfer",""
"0x3a0eb91bf658fd9e39758e8fbf89568a270ac89cb1583be067fade3448b341e2","15392395","1661200499","2022-08-22 20:34:59","0x3510a06cd853b80dc0a85be6e6dcc83efbc92845","0xd8da6bf26964af9d7eed9e03e53415d37aa96045","","0","0","0","0.000558212189669544","0.881885945727532","1624.65","","","0x45636f73",""
"0x2d2d3d20d4d84f38f95647ea81d41ddae548cda71c6f34154e22d8ae5b79e67f","15395230","1661238698","2022-08-23 07:11:38","0x9117640ecab0340bcf3ed216d862b824fd33849a","0xd8da6bf26964af9d7eed9e03e53415d37aa96045","","0.0001","0","0.157984","0.000177267134394","0.280053709601017","1664.76","","","Transfer",""
"0x4dfec8c5447fe36af64e02c2d69c2b07038f0e3b634fb99bb358a6b309d590a5","15396556","1661257909","2022-08-23 12:31:49","0x6f5bad7e59bed7c49518957ebb6be357ba13e680","0xd8da6bf26964af9d7eed9e03e53415d37aa96045","","0.003073583546837","0","4.85577023063497","0.000294920076402","0.465926533502936","1664.76","","","Transfer",""
"0x21b0614a7d4b2e41830861ade78bace34f8244d438a9edf9e86df21d64803899","15397526","1661269816","2022-08-23 15:50:16","0x033b20799a993a40bb693b7a4b801f94773a0f77","0xd8da6bf26964af9d7eed9e03e53415d37aa96045","","0.00001","0","0.0157984","0.000283076617173","0.447215762874592","1664.76","","","Transfer",""
"0xdccc2ccced0674d1017b84ee0c998c2a95124003e4f1a024a5d729e00ca18eb7","15410368","1661448002","2022-08-25 17:20:02","0xd8da6bf26964af9d7eed9e03e53415d37aa96045","0xa06c2b67e7435ce25a5969e49983ec3304d8e787","","0","0","0","0.003623557523119695","5.72464111732542","1695.85","","","Exec Transaction",""
"0x8960c3f923940e09041ad3f70a19fc8968c485632b65f3a552b57c4bd99a7a48","15410371","1661448031","2022-08-25 17:20:31","0xd8da6bf26964af9d7eed9e03e53415d37aa96045","0xa06c2b67e7435ce25a5969e49983ec3304d8e787","","0","0","0","0.0031321022080805","4.9482203524139","1695.85","","","Exec Transaction",""
"0xb975ebf76babbcc2cdb83082b62547284b1d7097569176ab1d8c8b0cadbda0c9","15410374","1661448073","2022-08-25 17:21:13","0xd8da6bf26964af9d7eed9e03e53415d37aa96045","0xa06c2b67e7435ce25a5969e49983ec3304d8e787","","0","0","0","0.00300917731777767","4.75401869371787","1695.85","","","Exec Transaction",""
"0x42b11999f7a594e495e66336675e9c72e484bccb352af13f6b3b25f7c27e7007","15411706","1661466506","2022-08-25 22:28:26","0xad10855eaaa90532018180caf7b2d67001a4b649","0xd8da6bf26964af9d7eed9e03e53415d37aa96045","","0","0","0","0.000345579691358032","0.545960619595073","1695.85","","","0x77686f20",""
"0xcc9c0a407480d9e7e26deea51bb5c886d2f242707fd12a2e38ba4c6787e70185","15424863","1661648558","2022-08-28 01:02:38","0xd8da6bf26964af9d7eed9e03e53415d37aa96045","0x5bf5bcc5362f88721167c1068b58c60cad075aac","","0","0","0","0.000508111379723727","0.802734682142733","1426.40","","","Set Message",""
"0x14c215e9dd15dbf850eb7ddb1e559ef71f6e1b058411c36933deb6d8652e56be","15453001","1662036952","2022-09-01 12:55:52","0xedd2529a8993061170af961c75cd092e6f521026","0xd8da6bf26964af9d7eed9e03e53415d37aa96045","","0","0","0","0.000846698508922976","1.33764817233687","1585.98","","","0x30313130",""
"0x24355ca5eb4f4b6e4ea2ec94a316a60b6582e55e40b7edb175d0580870a70c33","15455671","1662074162","2022-09-01 23:16:02","0xd8da6bf26964af9d7eed9e03e53415d37aa96045","0xa06c2b67e7435ce25a5969e49983ec3304d8e787","","0","0","0","0.00227426881032637","3.59298083730601","1585.98","","","Exec Transaction",""
"0xbaa6de5fb7fc3dcf5331734c37602422f502b7b8f8531067ec7adb255ee01e97","15461214","1662149896","2022-09-02 20:18:16","0xe0def774872ed742e03ceb51759ab9a5a9a9a496","0xd8da6bf26964af9d7eed9e03e53415d37aa96045","","0.001","0","1.57984","0.000258912701523","0.409040642374096","1574.02","","","Transfer",""
"0x7e0b0e304498521a859497fffebe26a19eb2293420122e4c0e306c515cd2d4aa","15462088","1662162251","2022-09-02 23:44:11","0x07a2797a8ead21b707a67bf2a656ccc552b44fe1","0xd8da6bf26964af9d7eed9e03e53415d37aa96045","","0.000634771513993538","0","1.00283742866755","0.000162451956219","0.256648098513025","1574.02","","","Transfer",""
"0xb44ea1419424a6ee80d968449953125c75986e978ea6186b31f7733093a36117","15465222","1662205870","2022-09-03 11:51:10","0x9bea6f8da78e7236350f012b58360fe1cefbf412","0xd8da6bf26964af9d7eed9e03e53415d37aa96045","","0","0","0","0.000167362154484448","0.26440542614071","1557.54","","","0x49742773",""
"0x81cb8266af00e3ee9e3b491cc1354dc69dd05a680bf801e5606b31fca231da66","15465774","1662213500","2022-09-03 13:58:20","0xd8da6bf26964af9d7eed9e03e53415d37aa96045","0xa06c2b67e7435ce25a5969e49983ec3304d8e787","","0","0","0","0.000795010357885414","1.25598916380169","1557.54","","","Exec Transaction",""
"0xbaf68f391df3460845247a6c5bd19575e1397617fda09d51b689b6e70562f7f7","15467534","1662237851","2022-09-03 20:44:11","0x9bea6f8da78e7236350f012b58360fe1cefbf412","0xd8da6bf26964af9d7eed9e03e53415d37aa96045","","0","0","0","0.000147969137649928","0.233767562424862","1557.54","","","0x57652077",""
"0xea7cf5571f7b9f894ce53dc2680a1293368f97231045fe0aeed0aa14b656fb69","15467603","1662239096","2022-09-03 21:04:56","0xfd54dbab9b73bea0aa8211cb548378193ec93cfc","0xd8da6bf26964af9d7eed9e03e53415d37aa96045","","0.000000000000000369","0","0.00000000000058296096","0.000221654647002096","0.350178877519791","1557.54","","","-",""
"0xb5e3a4e4dc15cf4381b5df78bc6f64b04bc2ff047dce4d35225a43832ee398ae","15467622","1662239445","2022-09-03 21:10:45","0xfd54dbab9b73bea0aa8211cb548378193ec93cfc","0xd8da6bf26964af9d7eed9e03e53415d37aa96045","","0.000000000000000369","0","0.00000000000058296096","0.000260602110323976","0.41170963797423","1557.54","","","0x2e2e2e20",""
"0x6c98fdf3f9267b9367fa71ea955a48598173380787c75a5c029a096b67e84d68","15467697","1662240449","2022-09-03 21:27:29","0xfd54dbab9b73bea0aa8211cb548378193ec93cfc","0xd8da6bf26964af9d7eed9e03e53415d37aa96045","","0.000000000000000369","0","0.00000000000058296096","0.000139275267494","0.220032638597721","1557.54","","","0x31353636",""
"0xe6b3f1f0163ea9721a37928139b111a8bd83a40c3f14c9ae0865307b0ba82b16","15470024","1662272134","2022-09-04 06:15:34","0x7a5977185b1341e3f2fcfc5384134364efd2fe5a","0xd8da6bf26964af9d7eed9e03e53415d37aa96045","","0.000000000000001","0","0.00000000000157984","0.000178998988613952","0.282789762171866","1579.06","","","0x49207761",""
"0x23765f327e47f9369cdaff73207962435ec857da08894480744947a0d53bd8c5","15472837","1662311568","2022-09-04 17:12:48","0xa6028c63e4d9f7be67ffbf3c79cb884eb8c70629","0xd8da6bf26964af9d7eed9e03e53415d37aa96045","","0.02","0","31.5968","0.000552264264153","0.872489175079476","1579.06","","","Transfer",""
"0x48a1cda142483dc9c2f18f4fb81fa9f7c440658809b0ca213ba08d1356d80e08","15473336","1662318142","2022-09-04 19:02:22","0x9bea6f8da78e7236350f012b58360fe1cefbf412","0xd8da6bf26964af9d7eed9e03e53415d37aa96045","","0","0","0","0.000169076263764464","0.267113444545651","1579.06","","","0x4c657420",""
"0x661c62e1fabd5205ce2216016d69ec91886fe6f91202675226fcc4780d6877e5","15478241","1662386162","2022-09-05 13:56:02","0x00d5cbfb11c95ed8345caaddf0fff073fa4dba7e","0xd8da6bf26964af9d7eed9e03e53415d37aa96045","","0.00104120281029504","0","1.64493384781652","0.000234459701511","0.370408814835138","1617.50","","","Transfer",""
"0x88262c2a06c7d9bac25993d524211c3c52f0e222f91502a883b6ced03a91c1ac","15480433","1662417133","2022-09-05 22:32:13","0x9bea6f8da78e7236350f012b58360fe1cefbf412","0xd8da6bf26964af9d7eed9e03e53415d37aa96045","","0","0","0","0.000179200227142416","0.283107686848674","1617.50","","","0x4d656c6f",""
"0x27bc4abcb1fd30a0c7b8f7e53038bd27f211af627736874786521c1e00e3e35b","15492787","1662588295","2022-09-07 22:04:55","0x9bea6f8da78e7236350f012b58360fe1cefbf412","0xd8da6bf26964af9d7eed9e03e53415d37aa96045","","0","0","0","0.000992425095026424","1.56787286212655","1630.00","","","0x4d657267",""
"0x7335840c9ad83392b245532cbe39fd36901969bef579720051dd4ba977298dea","15498112","1662660987","2022-09-08 18:16:27","0xc64434b8a7fcd1c597a67bc151a6e3424aebd3e2","0xd8da6bf26964af9d7eed9e03e53415d37aa96045","","0","0","0","0.000737813167581","1.16562675467117","1635.60","","","Transfer",""
"0xdbd59729237fb4fb1fa132e94f010197a84a560529a2db2293fb78c7f1ef1e0f","15500275","1662691114","2022-09-09 02:38:34","0xd8da6bf26964af9d7eed9e03e53415d37aa96045","0x4976fb03c32e5b8cfe2b6ccb31c09ba78ebaba41","","0","0","0","0.000549058774268775","0.867425013940782","1719.35","","","Set Contenthash",""
