"Txhash","Blockno","UnixTimestamp","DateTime","From","To","ContractAddress","Value_IN(ETH)","Value_OUT(ETH)","CurrentValue @ $1580.97/Eth","TxnFee(ETH)","TxnFee(USD)","Historical $Price/Eth","Status","ErrCode","Method"
"0x063b4366d7d6db05114a9bac8c0b290a3e91d336b41825b0f3bbc65131f0a324","13918886","1641031441","2022-01-01 10:04:01","0xd82b71aa3ad89152f1d7d4958bffced14b3b0826","0xd8da6bf26964af9d7eed9e03e53415d37aa96045","","0.035755546095507991","0","56.5284457106153","0.00136335170244","2.15541814100657","3766.74","","","Transfer",""
"0x48415cbfac6e73d45cf0fd4447e4a51a483b64a56131f0acddb5937aaaed7870","13939064","1641300375","2022-01-04 12:46:15","0xd8da6bf26964af9d7eed9e03e53415d37aa96045","0xa6b71e26c5e0845f74c812102ca7114b6a896ab2","","0","0","0","0.024438573605163674","38.6366517125556","3785.67","","","Create Proxy With Nonce",""
"0xdd59ccaba9d1a7a99a870c161674bad4ee985ee5fe1891a8ab86d1b4274d7b9a","13939081","1641300656","2022-01-04 12:50:56","0xd8da6bf26964af9d7eed9e03e53415d37aa96045","0xa06c2b67e7435ce25a5969e49983ec3304d8e787","","0","1","1580.97","0.00293423711208723","4.63894084709655","3785.67","","","Transfer",""
"0x57f62a292b884616835546434d52be2eb056372e4c4a71ed5c8ac42e70dcc22f","13941162","1641328693","2022-01-04 20:38:13","0xd8da6bf26964af9d7eed9e03e53415d37aa96045","0xa06c2b67e7435ce25a5969e49983ec3304d8e787","","0","0","0","0.01482795544698281","23.4425527230164","3785.67","","","Exec Transaction",""
"0x5ca0b25abb5ce4c4c356325a47b31a493ffe729e214f89f37fd3b4a4a2fc3145","13942217","1641342292","2022-01-05 00:24:52","0xd8da6bf26964af9d7eed9e03e53415d37aa96045","0x4976fb03c32e5b8cfe2b6ccb31c09ba78ebaba41","","0","0","0","0.011801430173129212","18.6577070608121","3536.77","","","Set Text",""
"0xc840972058bd87601b0f0eab87c55588d3487fdf80e7a365eedfc2872cfa2f33","13942985","1641352293","2022-01-05 03:11:33","0x1ec4de886d40d487366cde7664767db1df6a02e7","0xd8da6bf26964af9d7eed9e03e53415d37aa96045","","0","0","0","0.002073312","3.27784407264","3536.77","","","0x68747470",""
"0x9febdea899ed82b86083676d7a2feaa0b73227ad776035e8b07bf08bae5f11f2","13942985","1641352293","2022-01-05 03:11:33","0x1ec4de886d40d487366cde7664767db1df6a02e7","0xd8da6bf26964af9d7eed9e03e53415d37aa96045","","0","0","0","0.002073312","3.27784407264","3536.77","","","0x68747470",""
"0x395e87ce054df3b2deec38a45836f9b1568d20c4a32a5b8213729ffeeab436fa","13942985","1641352293","2022-01-05 03:11:33","0x1ec4de886d40d487366cde7664767db1df6a02e7","0xd8da6bf26964af9d7eed9e03e53415d37aa96045","","0","0","0","0.002073312","3.27784407264","3536.77","","","0x68747470",""
"0x05afb59d8f7e2ff47e62dea30df539fadcab16e68b532851c0eb36c46ef26b20","13942985","1641352293","2022-01-05 03:11:33","0x1ec4de886d40d487366cde7664767db1df6a02e7","0xd8da6bf26964af9d7eed9e03e53415d37aa96045","","0","0","0","0.002073312","3.27784407264","3536.77","","","0x68747470",""
"0x5def95db68bee52800422cd7e9d0158ab94f9e5fe1d729a4e1a4b31895bf4f56","13942985","1641352293","2022-01-05 03:11:33","0x1ec4de886d40d487366cde7664767db1df6a02e7","0xd8da6bf26964af9d7eed9e03e53415d37aa96045","","0","0","0","0.002073312","3.27784407264","3536.77","","","0x68747470",""
"0xa1c59365bdc4e82ed0e6d6ea3124e5faf8846e67cc07e56ffc4f7d934bc90901","13942985","1641352293","2022-01-05 03:11:33","0x1ec4de886d40d487366cde7664767db1df6a02e7","0xd8da6bf26964af9d7eed9e03e53415d37aa96045","","0","0","0","0.002073312","3.27784407264","3536.77","","","0x68747470",""
"0x9340877003eec2b3705592d143955d532b47ae45226809f0496b2c400faf4e25","13942985","1641352293","2022-01-05 03:11:33","0x1ec4de886d40d487366cde7664767db1df6a02e7","0xd8da6bf26964af9d7eed9e03e53415d37aa96045","","0","0","0","0.002073312","3.27784407264","3536.77","","","0x68747470",""
"0xa8d94a663b8710fb29f22c9530f091686d1c45ead499eea346cb660cc5117d55","13942985","1641352293","2022-01-05 03:11:33","0x1ec4de886d40d487366cde7664767db1df6a02e7","0xd8da6bf26964af9d7eed9e03e53415d37aa96045","","0","0","0","0.002073312","3.27784407264","3536.77","","","0x68747470",""
"0xafe2c168ce467448be86bc35877ebcc41a8325fbd3d4f03e770a85adcc783b13","13942985","1641352293","2022-01-05 03:11:33","0x1ec4de886d40d487366cde7664767db1df6a02e7","0xd8da6bf26964af9d7eed9e03e53415d37aa96045","","0","0","0","0.002073312","3.27784407264","3536.77","","","0x68747470",""
"0x5e63e5090d685e82e601d003719bd5a8cef165ed1ca168c421814b0e480ed39b","13942985","1641352293","2022-01-05 03:11:33","0x1ec4de886d40d487366cde7664767db1df6a02e7","0xd8da6bf26964af9d7eed9e03e53415d37aa96045","","0","0","0","0.002073312","3.27784407264","3536.77","","","0x68747470",""
"0xbdc0406f308212e57d091fa9aaa395807ca15cde2573274a656133e1228d0ea1","13942985","1641352293","2022-01-05 03:11:33","0x1ec4de886d40d487366cde7664767db1df6a02e7","0xd8da6bf26964af9d7eed9e03e53415d37aa96045","","0","0","0","0.002073312","3.27784407264","3536.77","","","0x68747470",""
"0x5e6d6d626a03ab33cd8ff22d37c3c2629e1cef2a5a7a87e879305e80448def7d","13942985","1641352293","2022-01-05 03:11:33","0x1ec4de886d40d487366cde7664767db1df6a02e7","0xd8da6bf26964af9d7eed9e03e53415d37aa96045","","0","0","0","0.002073312","3.27784407264","3536.77","","","0x68747470",""
"0xfcf1fa5fc5681977b54be2b6e01e2acfa3054042d1889908fb999d177f5e0120","13942985","1641352293","2022-01-05 03:11:33","0x1ec4de886d40d487366cde7664767db1df6a02e7","0xd8da6bf26964af9d7eed9e03e53415d37aa96045","","0","0","0","0.002073312","3.27784407264","3536.77","","","0x68747470",""
"0xa0c0b25583e5ea33ff5e306b81a23d58e91efaf1973dc1f4922c78f4baa6adfb","13942986","1641352385","2022-01-05 03:13:05","0x1ec4de886d40d487366cde7664767db1df6a02e7","0xd8da6bf26964af9d7eed9e03e53415d37aa96045","","0","0","0","0.002073312","3.27784407264","3536.77","","","0x68747470",""
"0x7c87b15bf1b47ebea5993ee9ff26d65e4072fb5bfcaf0332f9ef3bba00c3b8a6","13942986","1641352385","2022-01-05 03:13:05","0x1ec4de886d40d487366cde7664767db1df6a02e7","0xd8da6bf26964af9d7eed9e03e53415d37aa96045","","0","0","0","0.002073312","3.27784407264","3536.77","","","0x68747470",""
"0x6fe8f9908bce5eadf75cf1d5b9cb2067b9c3e35b3f06988f4389e1438708e778","13942986","1641352385","2022-01-05 03:13:05","0x1ec4de886d40d487366cde7664767db1df6a02e7","0xd8da6bf26964af9d7eed9e03e53415d37aa96045","","0","0","0","0.002073312","3.27784407264","3536.77","","","0x68747470",""
"0x49e5f7dbd0d0615c472f03563987fbbe8702c36c93b789a9c6b29d41ea0bdd0b","13942986","1641352385","2022-01-05 03:13:05","0x1ec4de886d40d487366cde7664767db1df6a02e7","0xd8da6bf26964af9d7eed9e03e53415d37aa96045","","0","0","0","0.002073312","3.27784407264","3536.77","","","0x68747470",""
"0xfc2691825fa5d8b4932d9fee5ac9a6bb2b809a5593d23525573d0e48d92e52b4","13942986","1641352385","2022-01-05 03:13:05","0x1ec4de886d40d487366cde7664767db1df6a02e7","0xd8da6bf26964af9d7eed9e03e53415d37aa96045","","0","0","0","0.002073312","3.27784407264","3536.77","","","0x68747470",""
"0x12ab9a1f87a18df20a72a7f1588ac014e3603a83c5176ff524ae6012add6e78c","13942986","1641352385","2022-01-05 03:13:05","0x1ec4de886d40d487366cde7664767db1df6a02e7","0xd8da6bf26964af9d7eed9e03e53415d37aa96045","","0","0","0","0.002073312","3.27784407264","3536.77","","","0x68747470",""
"0x01e08e580edf2cf8808b2a597a6439734e1eaa6e3308a69cd1c621ceefb7fa8c","13942986","1641352385","2022-01-05 03:13:05","0x1ec4de886d40d487366cde7664767db1df6a02e7","0xd8da6bf26964af9d7eed9e03e53415d37aa96045","","0","0","0","0.002073312","3.27784407264","3536.77","","","0x68747470",""
"0x95de960ec97a846a24e88be9fec9c7194ad3ddd815d16777d66562aea0ccd434","13942986","1641352385","2022-01-05 03:13:05","0x1ec4de886d40d487366cde7664767db1df6a02e7","0xd8da6bf26964af9d7eed9e03e53415d37aa96045","","0","0","0","0.002073312","3.27784407264","3536.77","","","0x68747470",""
"0x70485f68178f453344736f34c9138663c0e20febb91ac10b1b463130bfba9787","13942986","1641352385","2022-01-05 03:13:05","0x1ec4de886d40d487366cde7664767db1df6a02e7","0xd8da6bf26964af9d7eed9e03e53415d37aa96045","","0","0","0","0.002073312","3.27784407264","3536.77","","","0x68747470",""
"0xd85fe286dc547157af0a1b6793847ac0c31f1fdc94b48cd1c422f371a678eb81","13942986","1641352385","2022-01-05 03:13:05","0x1ec4de886d40d487366cde7664767db1df6a02e7","0xd8da6bf26964af9d7eed9e03e53415d37aa96045","","0","0","0","0.002073312","3.27784407264","3536.77","","","0x68747470",""
"0xcf5ab24e0c5992e12d0cd84554aaa1a979357d385038ecd8ecabb34b97cfd64b","13942986","1641352385","2022-01-05 03:13:05","0x1ec4de886d40d487366cde7664767db1df6a02e7","0xd8da6bf26964af9d7eed9e03e53415d37aa96045","","0","0","0","0.002073312","3.27784407264","3536.77","","","0x68747470",""
"0x15729f2559708940d6dab96f0403a12d5dd71e9af7b790df1e1e70173145b119","13942986","1641352385","2022-01-05 03:13:05","0x1ec4de886d40d487366cde7664767db1df6a02e7","0xd8da6bf26964af9d7eed9e03e53415d37aa96045","","0","0","0","0.002073312","3.27784407264","3536.77","","","0x68747470",""
"0x9d931b69d9a88d6597312f20a0f84600740370c6768df00fa56c5c59d9ace7c6","13973327","1641757862","2022-01-09 19:51:02","0xd8da6bf26964af9d7eed9e03e53415d37aa96045","0x4b442ffa64950c720ec671703b283c9a31524a3d","","0","750","1185727.5","0.00407020883598","6.4348780634193","3150.83","","","Transfer",""
"0x96302f219dec2a4dc7241fc52facc9ffb7d81615b7f2e86f41c77bf8856e429a","13980716","1641857485","2022-01-10 23:31:25","0xd8da6bf26964af9d7eed9e03e53415d37aa96045","0x4976fb03c32e5b8cfe2b6ccb31c09ba78ebaba41","","0","0","0","0.014550393767429292","23.0037360344927","3083.68","","","Set Text",""
"0x40b8498f390b63b0e71993afc9762dda1085047b8645d542f933e86c4a8f72c4","13985357","1641918999","2022-01-11 16:36:39","0xd8da6bf26964af9d7eed9e03e53415d37aa96045","0xde21f729137c5af1b01d73af1dc21effa2b8a0d6","","0","0.1","158.097","0.00470990811960467","7.4462234398514","3240.32","","","Transfer",""
"0x8403ae3abfa36b8b25234c6afd0845fd1d43e96432e1b5351290b659b1c3ff91","14026318","1642465828","2022-01-18 00:30:28","0x6639abedc73e5ce3ba25fef008d61f5509a7f61a","0xd8da6bf26964af9d7eed9e03e53415d37aa96045","","0.00154621834687384","0","2.44452481985713","0.0023184","3.665320848","3161.50","","","Transfer",""
"0xbca4904b0d9fade121cf708ed6841383031e5a4ce6106ccbecd3b62ce904b563","14032449","1642547719","2022-01-18 23:15:19","0xd8da6bf26964af9d7eed9e03e53415d37aa96045","0xde21f729137c5af1b01d73af1dc21effa2b8a0d6","","0","130","205526.1","0.002866232017658852","4.53142683295812","3161.50","","","Transfer",""
"0x9f0bd3198ea2a1524502cb12f754264b11edf19e538811cb26b926e8e5bec090","14033875","1642566876","2022-01-19 04:34:36","0xebd7282b7086b7b25fc4f7b6b0d1af94e2a267f3","0xd8da6bf26964af9d7eed9e03e53415d37aa96045","","0.0004","0","0.632388","0.002197775473509","3.47461709035352","3084.78","","","Transfer",""
"0xb85d2f115816e38565d171f2b1e9240bae5918e06d55ca8fa7c0768b0c71d394","14034955","1642581722","2022-01-19 08:42:02","0xf79690e31d8c52148a2e34f1f82d694a6b320445","0xd8da6bf26964af9d7eed9e03e53415d37aa96045","","0.01","0","15.8097","0.002835363571582408","4.48262474576464","3084.78","","","0x48656c6c",""
"0xf28fdbf3fe995bc665c164812c7918b04e57c6497ef00082d44c222494322c6c","14043786","1642699432","2022-01-20 17:23:52","0xd8da6bf26964af9d7eed9e03e53415d37aa96045","0x8d6faf08108511627e602129c78d248f875668f9","","0","100","158097","0.008222873749968427","13.0001167124876","3002.43","","","Transfer",""
"0x700a57a337f531d9349512a11ba996ab9adb57ff6ffd3e4206e19c4cf0a01aeb","14044063","1642702960","2022-01-20 18:22:40","0x77f6b62a0c9005ab77b1453ed79b7a7321fac092","0xd8da6bf26964af9d7eed9e03e53415d37aa96045","","0.01","0","15.8097","0.003423283319736","5.41210823000302","3002.43","","","Transfer",""
"0xd13b07b5d7351d6b20d97f13e1fdcc4bb03e0a1ff219ba8cc72d87670c7d3bbe","14050933","1642794898","2022-01-21 19:54:58","0x571a6a108adb08f9ca54fe8605280f9ee0ed4af6","0xd8da6bf26964af9d7eed9e03e53415d37aa96045","","0.000360546881214012","0","0.570013802792917","0.002809648753842","4.44197039036159","2569.59","","","Transfer",""
"0x82fd94a62d9159610d2af7700051c5bcae8e46f239418461e93bd8f6d0611e74","14050941","1642794994","2022-01-21 19:56:34","0x571a6a108adb08f9ca54fe8605280f9ee0ed4af6","0xd8da6bf26964af9d7eed9e03e53415d37aa96045","","0.000360636925251313","0","0.570156159714568","0.003260684900424","5.15504500702333","2569.59","","","Transfer",""
"0x41de19c58c1cca1e57ec9f3a024fbea9522ab6badf2865e15f7ca0808efda82c","14050987","1642795707","2022-01-21 20:08:27","0xdf0635793e91d4f8e7426dbd9ed08471186f428d","0xd8da6bf26964af9d7eed9e03e53415d37aa96045","","0.000003631614260715","0","0.00574147319776259","0.004268515512492","6.74839496978448","2569.59","","","Transfer",""
"0x249d83ece1187ff8a8be8f448f17fdb34c14ae5eba21a7ad747f36097de9f448","14051134","1642797887","2022-01-21 20:44:47","0x571a6a108adb08f9ca54fe8605280f9ee0ed4af6","0xd8da6bf26964af9d7eed9e03e53415d37aa96045","","0.000003659130675956","0","0.00578497582476616","0.005511221994747","8.71307663703517","2569.59","","","Transfer",""
"0x83638bb0a157c218f49718753cca4c8cc217c9d05c95eed67c19ee77be1f3232","14068693","1643032239","2022-01-24 13:50:39","0xd8da6bf26964af9d7eed9e03e53415d37aa96045","0x376a65e81913b8864d82c9b63fcff2e848a3954f","","0","300","474291","0.00198419817204","3.13695778405008","2442.27","","","Transfer",""
"0xf85ece86f9dec5bfa0357606a6afe0d696290cefe117194c8226ed4adfe228e7","14082192","1643212451","2022-01-26 15:54:11","0xd8da6bf26964af9d7eed9e03e53415d37aa96045","0x4976fb03c32e5b8cfe2b6ccb31c09ba78ebaba41","","0","0","0","0.005603888179630305","8.85957909535012","2464.13","","","Set Contenthash",""
"0xcab4ba2b560b06a24841c7c16dccd0b4a733df3fbb553668da9ef121c102082e","14090298","1643321236","2022-01-27 22:07:16","0xdf0635793e91d4f8e7426dbd9ed08471186f428d","0xd8da6bf26964af9d7eed9e03e53415d37aa96045","","0.000422838739372785","0","0.668495361786192","0.004657852744146","7.3639254529125","2425.83","","","Transfer",""
"0x96e518cdcdd4232ba4f2b7a629988553827915301c13131c52090697926c64d9","14100984","1643463745","2022-01-29 13:42:25","0xd8da6bf26964af9d7eed9e03e53415d37aa96045","0xa06c2b67e7435ce25a5969e49983ec3304d8e787","","0","0","0","0.008115894792570474","12.8309861902101","2603.10","","","Exec Transaction",""
"0xd62053c4465251ceb75624d7447bda963863901cc3166a6999c0b5164206a123","14116900","1643675365","2022-02-01 00:29:25","0x40fcbb53203afb640e716a9cc2d6720e36d9c9c9","0xd8da6bf26964af9d7eed9e03e53415d37aa96045","","0","0","0","0.002738680648557","4.32977194494916","2790.15","","","Transfer",""
"0xfd2968d66b6a071170b5e787997e711a9f5dd2f49a530ed1f22264e39b190541","14116900","1643675365","2022-02-01 00:29:25","0x40fcbb53203afb640e716a9cc2d6720e36d9c9c9","0xd8da6bf26964af9d7eed9e03e53415d37aa96045","","0","0","0","0.002738680648557","4.32977194494916","2790.15","","","Transfer",""
"0x2802dd45df894e1ce9aa61adcbbbae80f3988a977da9ec36aee27a7026f2ed2d","14116901","1643675394","2022-02-01 00:29:54","0x40fcbb53203afb640e716a9cc2d6720e36d9c9c9","0xd8da6bf26964af9d7eed9e03e53415d37aa96045","","0","0","0","0.003077060442099","4.86474024714526","2790.15","","","Transfer",""
"0xbb68b286b3600a2adfec9ddf899acfe5ec725dc84b3363dfc22bdd16f93155d5","14135315","1643921965","2022-02-03 20:59:25","0x272f129fd030313d0aa848da230419f61e7cb3a9","0xd8da6bf26964af9d7eed9e03e53415d37aa96045","","0","0","0","0.004375217919177","6.91708827368126","2697.18","","","Transfer",""
"0x9503d3cd397c805a63570f5f4640d26203a9b8efea57de5243ce73af4fccbc3f","14159311","1644242167","2022-02-07 13:56:07","0xd8da6bf26964af9d7eed9e03e53415d37aa96045","0x981c8ecd009e3e84ee1ff99266bf1461a12e5c68","","0","10","15809.7","0.012799532044684416","20.2356761766847","3141.38","","","Pay",""
"0x4fd1af6ecc68021ecf92b5e5ab95d487166c3a3d7ef4f5b10b5689140e223eb6","14159776","1644248107","2022-02-07 15:35:07","0x56eddb7aa87536c09ccc2793473599fd21a8b17f","0xd8da6bf26964af9d7eed9e03e53415d37aa96045","","0.00375","0","5.9286375","0.003906","6.17526882","3141.38","","","Transfer",""
"0xe07550efbd1e4a2539e452e30d333503d1e9abff99017a939962bd91d0aea51c","14160693","1644260119","2022-02-07 18:55:19","0x03cf40b900971561ac6bd997ef1fe939dcbc95e2","0xd8da6bf26964af9d7eed9e03e53415d37aa96045","","0","0","0","0.0033804","5.344310988","3141.38","","","0x68747470",""
"0x417860b27a58248b8289417776e8516a1334bc6e3deee7efdd92e11192c4be69","14160693","1644260119","2022-02-07 18:55:19","0x03cf40b900971561ac6bd997ef1fe939dcbc95e2","0xd8da6bf26964af9d7eed9e03e53415d37aa96045","","0","0","0","0.005634","8.90718498","3141.38","","","0x68747470",""
"0x652bcf5afb0266f208a873cca6773167f72b2691b6b026e4776cfa3679516cc6","14160694","1644260146","2022-02-07 18:55:46","0x03cf40b900971561ac6bd997ef1fe939dcbc95e2","0xd8da6bf26964af9d7eed9e03e53415d37aa96045","","0","0","0","0.005634","8.90718498","3141.38","","","0x68747470",""
"0x962ac4ecd321f0357d64b2c641c82b3348807afc48052002c12ff6f631470a57","14160696","1644260176","2022-02-07 18:56:16","0x03cf40b900971561ac6bd997ef1fe939dcbc95e2","0xd8da6bf26964af9d7eed9e03e53415d37aa96045","","0","0","0","0.005634","8.90718498","3141.38","","","0x68747470",""
"0x15b4da6b36bbc24d9ddfdf464fd88dfdc7c2b7fa689bb83ff2b2e2d39216da5f","14160696","1644260176","2022-02-07 18:56:16","0x03cf40b900971561ac6bd997ef1fe939dcbc95e2","0xd8da6bf26964af9d7eed9e03e53415d37aa96045","","0","0","0","0.005634","8.90718498","3141.38","","","0x68747470",""
"0xb6265db671cb22d86c5b399bca0baa31c243d127270f6569affa653d83911202","14160696","1644260176","2022-02-07 18:56:16","0x03cf40b900971561ac6bd997ef1fe939dcbc95e2","0xd8da6bf26964af9d7eed9e03e53415d37aa96045","","0","0","0","0.005634","8.90718498","3141.38","","","0x68747470",""
"0x2f51222c4cea8e09d7d0fadcd9c626ce495eba2f3ebb1cb3f8e6ca0908695302","14160696","1644260176","2022-02-07 18:56:16","0x03cf40b900971561ac6bd997ef1fe939dcbc95e2","0xd8da6bf26964af9d7eed9e03e53415d37aa96045","","0","0","0","0.005634","8.90718498","3141.38","","","0x68747470",""
"0xa1ecb8d3fcfc157a666866294807444f5c5e9775829e4948634c7100e3c4f65d","14160696","1644260176","2022-02-07 18:56:16","0x03cf40b900971561ac6bd997ef1fe939dcbc95e2","0xd8da6bf26964af9d7eed9e03e53415d37aa96045","","0","0","0","0.005634","8.90718498","3141.38","","","0x68747470",""
"0xfab591c8b04e7e3f98665be26cddf7154fcbe121ec420d37550eb28833b7aa70","14160698","1644260212","2022-02-07 18:56:52","0x03cf40b900971561ac6bd997ef1fe939dcbc95e2","0xd8da6bf26964af9d7eed9e03e53415d37aa96045","","0","0","0","0.005634","8.90718498","3141.38","","","0x68747470",""
"0x97a396f58089a01309b1901345beef0598d236be838bac33fb5a4796a8220412","14160698","1644260212","2022-02-07 18:56:52","0x03cf40b900971561ac6bd997ef1fe939dcbc95e2","0xd8da6bf26964af9d7eed9e03e53415d37aa96045","","0","0","0","0.005634","8.90718498","3141.38","","","0x68747470",""
"0xc0d637ba36a832a4e3f16241af290590129b4e0760caeb3067da4f116172f006","14160699","1644260229","2022-02-07 18:57:09","0x03cf40b900971561ac6bd997ef1fe939dcbc95e2","0xd8da6bf26964af9d7eed9e03e53415d37aa96045","","0","0","0","0.005634","8.90718498","3141.38","","","0x68747470",""
"0xf1198e81ff283839e58f5f6d75e6b18b71a34bbb04e7ae490659a4bb2754f009","14160699","1644260229","2022-02-07 18:57:09","0x03cf40b900971561ac6bd997ef1fe939dcbc95e2","0xd8da6bf26964af9d7eed9e03e53415d37aa96045","","0","0","0","0.005634","8.90718498","3141.38","","","0x68747470",""
"0x4f54ae77dfddb76304de5466f0641a024b0d34f6fb143440800050adbf993bb3","14160700","1644260249","2022-02-07 18:57:29","0x03cf40b900971561ac6bd997ef1fe939dcbc95e2","0xd8da6bf26964af9d7eed9e03e53415d37aa96045","","0","0","0","0.005634","8.90718498","3141.38","","","0x68747470",""
"0xfd69711690917d6a9bfe5640e2ca8452b0ad824141b1bb6053fbb90b3f90b1a4","14160702","1644260265","2022-02-07 18:57:45","0x03cf40b900971561ac6bd997ef1fe939dcbc95e2","0xd8da6bf26964af9d7eed9e03e53415d37aa96045","","0","0","0","0.005634","8.90718498","3141.38","","","0x68747470",""
"0xf6b3689f9a1db488c9d8b4faf3aaabc9e176efbb04620fb27026a2c7ea22c8d2","14160702","1644260265","2022-02-07 18:57:45","0x03cf40b900971561ac6bd997ef1fe939dcbc95e2","0xd8da6bf26964af9d7eed9e03e53415d37aa96045","","0","0","0","0.005634","8.90718498","3141.38","","","0x68747470",""
"0xa5fee04d4696498f07e3c3aadd482ae0e06149ef6a084cbae32d7761fca0f426","14160702","1644260265","2022-02-07 18:57:45","0x03cf40b900971561ac6bd997ef1fe939dcbc95e2","0xd8da6bf26964af9d7eed9e03e53415d37aa96045","","0","0","0","0.005634","8.90718498","3141.38","","","0x68747470",""
"0xa297f7168557ff405d94b1b93f708ffefe666431e00869f127cca0902ea1b3aa","14160702","1644260265","2022-02-07 18:57:45","0x03cf40b900971561ac6bd997ef1fe939dcbc95e2","0xd8da6bf26964af9d7eed9e03e53415d37aa96045","","0","0","0","0.005634","8.90718498","3141.38","","","0x68747470",""
"0x9ece2ff0c10c49c5aedeced40372d7439fc5b05a084708aba45f80078cfba103","14160702","1644260265","2022-02-07 18:57:45","0x03cf40b900971561ac6bd997ef1fe939dcbc95e2","0xd8da6bf26964af9d7eed9e03e53415d37aa96045","","0","0","0","0.005634","8.90718498","3141.38","","","0x68747470",""
"0x90a02651a1a2fc384e27ff4db3e5645d8205ed372b0556004c85d6ae93ae777b","14160702","1644260265","2022-02-07 18:57:45","0x03cf40b900971561ac6bd997ef1fe939dcbc95e2","0xd8da6bf26964af9d7eed9e03e53415d37aa96045","","0","0","0","0.005634","8.90718498","3141.38","","","0x68747470",""
"0x7d27e209664881322e99d224c239ba7879019ee0d77264302f42cfd3dfef18b8","14160702","1644260265","2022-02-07 18:57:45","0x03cf40b900971561ac6bd997ef1fe939dcbc95e2","0xd8da6bf26964af9d7eed9e03e53415d37aa96045","","0","0","0","0.005634","8.90718498","3141.38","","","0x68747470",""
"0x744009d9acf40ace38f96cb3dd4ac01064b83c7447ea3db2fd115518bf417b68","14160703","1644260345","2022-02-07 18:59:05","0x03cf40b900971561ac6bd997ef1fe939dcbc95e2","0xd8da6bf26964af9d7eed9e03e53415d37aa96045","","0","0","0","0.005634","8.90718498","3141.38","","","0x68747470",""
"0x52370167ed529235b18d6f86db7cb67fe3a40e621285b207fd2db67303317b33","14160706","1644260360","2022-02-07 18:59:20","0x03cf40b900971561ac6bd997ef1fe939dcbc95e2","0xd8da6bf26964af9d7eed9e03e53415d37aa96045","","0","0","0","0.005634","8.90718498","3141.38","","","0x68747470",""
"0xf1f9832d9afa517c9d7395042afe9196cf8be4963dff30c1bbf13814d6dde37d","14160707","1644260373","2022-02-07 18:59:33","0x03cf40b900971561ac6bd997ef1fe939dcbc95e2","0xd8da6bf26964af9d7eed9e03e53415d37aa96045","","0","0","0","0.005634","8.90718498","3141.38","","","0x68747470",""
"0x9c557f10bdb6f268691d21dee0d7aff639a31faeed31b0f75cdafc7de8f2e2a2","14160708","1644260376","2022-02-07 18:59:36","0x03cf40b900971561ac6bd997ef1fe939dcbc95e2","0xd8da6bf26964af9d7eed9e03e53415d37aa96045","","0","0","0","0.005634","8.90718498","3141.38","","","0x68747470",""
"0x510567c908a3ff9dd1a699ade1415c75c38123f12e1f1330b13cb073eb198c18","14160708","1644260376","2022-02-07 18:59:36","0x03cf40b900971561ac6bd997ef1fe939dcbc95e2","0xd8da6bf26964af9d7eed9e03e53415d37aa96045","","0","0","0","0.005634","8.90718498","3141.38","","","0x68747470",""
"0x405cbe1243d2f7db318f31cf1f91fd96ef22ababc43d23261a22709201c7e754","14160708","1644260376","2022-02-07 18:59:36","0x03cf40b900971561ac6bd997ef1fe939dcbc95e2","0xd8da6bf26964af9d7eed9e03e53415d37aa96045","","0","0","0","0.005634","8.90718498","3141.38","","","0x68747470",""
"0xaefb1a92261bd6741910f9424e424a2638a87a61fd3f7588f0dbbc50ea72eab4","14238915","1645306469","2022-02-19 21:34:29","0x20be8761a2b70fc539067bfe3666a7de30be87db","0xd8da6bf26964af9d7eed9e03e53415d37aa96045","","0.01","0","15.8097","0.00126","1.9920222","2764.50","","","Transfer",""
"0x653ca70b5318bb78d6a058b742ba020ea3c29d38fefafcb090b557ee443f88d0","14256135","1645536678","2022-02-22 13:31:18","0x46c47c936e335316814dca8ca5a9ec40445cf93f","0xd8da6bf26964af9d7eed9e03e53415d37aa96045","","0.01","0","15.8097","0.000976573743936","1.5439337919505","2638.81","","","Transfer",""
"0xb68b6536bb3465619e18fbe6977996f215a5693880fce52425269817d290e027","14274533","1645782734","2022-02-25 09:52:14","0xd57e3155e0082ad4c95e886e3284a0610ef66ef4","0xd8da6bf26964af9d7eed9e03e53415d37aa96045","","0.0001","0","0.158097","0.000769882908606","1.21716178201883","2769.00","","","Transfer",""
"0x4270e77c6dc0dec3781a629d77c79769f3539cb5712bb7060b875b086f4c159f","14274556","1645783136","2022-02-25 09:58:56","0xd57e3155e0082ad4c95e886e3284a0610ef66ef4","0xd8da6bf26964af9d7eed9e03e53415d37aa96045","","0.0001","0","0.158097","0.001197801732015","1.89368860426375","2769.00","","","Transfer",""
"0x13ac3dd50f6250495bdf7f66aced39ac86f6d893ff7daffc63fe9c10dc33886c","14274576","1645783343","2022-02-25 10:02:23","0xd57e3155e0082ad4c95e886e3284a0610ef66ef4","0xd8da6bf26964af9d7eed9e03e53415d37aa96045","","0.00001","0","0.0158097","0.000730818741639","1.15540250596901","2769.00","","","Transfer",""
"0x7ce0f8d92e9fdec9ec33389473b6e50f2b67ef99c9999b23e1f9aae8066dde6b","14284642","1645917435","2022-02-26 23:17:15","0xd8da6bf26964af9d7eed9e03e53415d37aa96045","0xb1e14bccad2f1f5a58fa789d80f8e4142d9f7eaf","","0","0.1","158.097","0.001222316612573049","1.93244589497961","2780.32","","","Transfer",""
"0x0a233a7287fe52ebd47ccb6c0bd105f93aca78dee13adcbf4ec2e883521f9c53","14284693","1645918008","2022-02-26 23:26:48","0xd8da6bf26964af9d7eed9e03e53415d37aa96045","0xb1e14bccad2f1f5a58fa789d80f8e4142d9f7eaf","","0","199.9","316035.903","0.000798281051749758","1.26205839438481","2780.32","","","Transfer",""
"0xb9b7dedf1657de98dd386220e41a0394ac74cdc176ef2b3f57bdaf653b13dc16","14364205","1646983292","2022-03-11 07:21:32","0x6b1e7091792ba47b305f528f12e4a29b7a92c9d0","0xd8da6bf26964af9d7eed9e03e53415d37aa96045","","0","0","0","0.000462","0.73040814","2557.57","","","Transfer",""
"0xcf62eaa7da15d2bac667f93f06e0b5a769f69f7942ca379669af2b79b583cff7","14370448","1647068522","2022-03-12 07:02:02","0xd57e3155e0082ad4c95e886e3284a0610ef66ef4","0xd8da6bf26964af9d7eed9e03e53415d37aa96045","","0.0000001","0","0.000158097","0.000252","0.39840444","2569.87","","","Transfer",""
"0x703ebce4f848346e7c191c6289a9c5acf809cbcab10be3b6b3b327300d0672e4","14382262","1647227881","2022-03-14 03:18:01","0xfbcc7a8ecf4fed1fc6948a357198d51d33cd6c5e","0xd8da6bf26964af9d7eed9e03e53415d37aa96045","","0.000396425824763928","0","0.626737336177027","0.000703722159504","1.11256362251104","2591.45","","","Transfer",""
"0x4bae091212f3d6bb7fad5b071d6a4c69cad94cfd58e36e0c1e7d8cad5ba73e27","14387235","1647294177","2022-03-14 21:42:57","0xd8da6bf26964af9d7eed9e03e53415d37aa96045","0xde21f729137c5af1b01d73af1dc21effa2b8a0d6","","0","128","202364.16","0.001555783735099742","2.45964741168064","2591.45","","","Transfer",""
"0x4721a5702f075e84f773a68b31da4843d01987401ae9cf1a01f3a5a7d86ebbc7","14394467","1647391743","2022-03-16 00:49:03","0xd8da6bf26964af9d7eed9e03e53415d37aa96045","0x1f3d3a8d36fcd52c841aa1c3c1af81757b9ad4df","","0","0.013","20.55261","0.001048319402108471","1.65736152515143","2775.15","","","Transfer",""
"0xb14fbda5118acbe6f561da98d70119a10a2d4344f41dc838e1e04070dcc65915","14404357","1647524599","2022-03-17 13:43:19","0xd8da6bf26964af9d7eed9e03e53415d37aa96045","0x9b27dd5bb15d42dc224fcd0b7caebbe16161df42","","0","0","0","0.00439671694915926","6.95107759511232","2816.26","","","Echo",""
"0xa776ea1ffb73abc141a69e40e2a579ac02bc3f69dce87c249730777796ff9fb8","14406522","1647554093","2022-03-17 21:54:53","0xd8da6bf26964af9d7eed9e03e53415d37aa96045","0xd90e2f925da726b50c4ed8d0fb90ad053324f31b","","0","100","158097","0.050341180781144072","79.5878965795653","2816.26","","","Deposit",""
"0x9d98f4f7d1eb43555ef96acd2b99a56b88b4330fecc6af7e0ccaad3e39b6e379","14406527","1647554204","2022-03-17 21:56:44","0xd8da6bf26964af9d7eed9e03e53415d37aa96045","0xd90e2f925da726b50c4ed8d0fb90ad053324f31b","","0","100","158097","0.056840285814797316","89.8627866646201","2816.26","","","Deposit",""
"0xbc97785d491b2baebfd56046e26cbc972cb4667e9a4fcb5ee461a0bfe15e30b1","14406530","1647554220","2022-03-17 21:57:00","0xd8da6bf26964af9d7eed9e03e53415d37aa96045","0xd90e2f925da726b50c4ed8d0fb90ad053324f31b","","0","100","158097","0.04588761809994812","72.546947587475","2816.26","","","Deposit",""
"0x6c647c160035437e72176c6c77b7f71b9bc7aa6417d5300e5044476e71782dc6","14406531","1647554241","2022-03-17 21:57:21","0xd8da6bf26964af9d7eed9e03e53415d37aa96045","0xd90e2f925da726b50c4ed8d0fb90ad053324f31b","","0","100","158097","0.048389297979108744","76.5020284260316","2816.26","","","Deposit",""
"0x980f6250900dd986f1e597be8b180e323a65e2d3d4473faa4f696797454b3c87","14406534","1647554303","2022-03-17 21:58:23","0xd8da6bf26964af9d7eed9e03e53415d37aa96045","0xd90e2f925da726b50c4ed8d0fb90ad053324f31b","","0","100","158097","0.054516072718659728","86.1882754860195","2816.26","","","Deposit",""
"0x6a9fe7f7146f1d5c1f90126f153831c5300e3a217f08c688908e0b425fc2f24c","14407804","1647571936","2022-03-18 02:52:16","0x4851ae25872c530829d1677f99c429797beee736","0xd8da6bf26964af9d7eed9e03e53415d37aa96045","","0.01","0","15.8097","0.002202476213784","3.48204881970609","2941.32","","","Transfer",""
"0x995e5a875cd4f7bb0bdd3821edb7a2cacabed685d3d0fc780df1faac255c9604","14410743","1647610788","2022-03-18 13:39:48","0xd8da6bf26964af9d7eed9e03e53415d37aa96045","0xd90e2f925da726b50c4ed8d0fb90ad053324f31b","","0","0","0","0.01383040750218008","21.8654593487216","2941.32","","","Withdraw",""
"0xf19000641ef83a7c9a9fe72465c68311bddfc00378ce6bd96fd149c070ba1a3f","14411166","1647616409","2022-03-18 15:13:29","0x557e36cf180def8c3632980f894160fc19c9c172","0xd8da6bf26964af9d7eed9e03e53415d37aa96045","","0.005","0","7.90485","0.001771715371524","2.8010288509183","2941.32","","","Transfer",""
"0x1d5c206ee9f1cf173330102b886aa9ea4b1f0ad93124ab359ff115466fcf33cf","14411517","1647621437","2022-03-18 16:37:17","0xd8da6bf26964af9d7eed9e03e53415d37aa96045","0xfccf08bd2be84cabe3e73dbfd23042198067c205","","0","300","474291","0.001600719418599","2.53068937922246","2941.32","","","Transfer",""
"0x09f4335a94597d14049df38721c30922c5e0843ef38ce650a2c803d3aba84111","14415828","1647678966","2022-03-19 08:36:06","0x6bb6cafe40301288c65ff98d97e15c6e33730998","0xd8da6bf26964af9d7eed9e03e53415d37aa96045","","0.00965213587696","0","15.2597372573975","0.000392137327113","0.61995735004584","2952.64","","","Transfer",""
"0x418eaa2c488d1c166774bd06bea92fc3eea37fd3063273b4d6c6485bd5385147","14433332","1647914738","2022-03-22 02:05:38","0xd8da6bf26964af9d7eed9e03e53415d37aa96045","0xa06c2b67e7435ce25a5969e49983ec3304d8e787","","0","0","0","0.00865808101632089","13.6881663443728","2970.47","","","Exec Transaction",""
"0xb0f695ad0a118aca695e1c4e04d75c310a2d206e64541ad6d9af13f21d77c0a9","14435592","1647945267","2022-03-22 10:34:27","0x46b1b34b4e4bb7d80372e9bc036808d04c1dd3cf","0xd8da6bf26964af9d7eed9e03e53415d37aa96045","","0.0008","0","1.264776","0.000655935186333","1.03701385153688","2970.47","","","Transfer",""
"0x8ddfe4a775f4dd84a8b54b0a66dd7a72403ab0e6476dab6c93d8c6a85da2a6fb","14435614","1647945685","2022-03-22 10:41:25","0x46b1b34b4e4bb7d80372e9bc036808d04c1dd3cf","0xd8da6bf26964af9d7eed9e03e53415d37aa96045","","0.00008","0","0.1264776","0.000793224501657","1.25406414038467","2970.47","","","Transfer",""
"0x8ba28678b79c0786d1fde5058b9b88d0c1c513a5ab9faf55780719f4d0de0168","14439762","1648000590","2022-03-23 01:56:30","0xd8da6bf26964af9d7eed9e03e53415d37aa96045","0xa06c2b67e7435ce25a5969e49983ec3304d8e787","","0","0","0","0.00388326017953874","6.13931784604536","3032.98","","","Exec Transaction",""
"0x9eb277f0b6d88e628427158e95c1f6f45bc343339ebc3c27811218253030a6be","14439774","1648000738","2022-03-23 01:58:58","0xd8da6bf26964af9d7eed9e03e53415d37aa96045","0xa06c2b67e7435ce25a5969e49983ec3304d8e787","","0","0","0","0.003310469481653226","5.2337529364093","3032.98","","","Exec Transaction",""
"0x554c4a96530d35029d6042cd345e896586ab54a6b8c70c97cb94b374aab6d625","14439775","1648000743","2022-03-23 01:59:03","0xd8da6bf26964af9d7eed9e03e53415d37aa96045","0xa06c2b67e7435ce25a5969e49983ec3304d8e787","","0","0","0","0.001371063971717918","2.16761100736688","3032.98","Error(0)","Reverted","Exec Transaction",""
"0x1973954a78e69cefc33d6a3ef1e1db1993f420863d6b5fe4dbe58570ced74064","14458988","1648259348","2022-03-26 01:49:08","0xd1552d83c682447f2f4886ba4e1717a96d0bf9ee","0xd8da6bf26964af9d7eed9e03e53415d37aa96045","","0.001841226277484393","0","2.9109235079145","0.001657757412822","2.6208647369492","3146.36","","","Transfer",""
"0x67a8a856c831b062b9f9973a13a9ff9c53bf76b292b99d42e400834bb21ae80c","14482433","1648574720","2022-03-29 17:25:20","0xd8da6bf26964af9d7eed9e03e53415d37aa96045","0xa06c2b67e7435ce25a5969e49983ec3304d8e787","","0","0","0","0.010841430388721286","17.1399762016567","3402.62","","","Exec Transaction",""
"0xfa9b67c95037ba440ca5131d5d297f75a7716b93f8fc163ec9418fcc97aca564","14482440","1648574876","2022-03-29 17:27:56","0xd8da6bf26964af9d7eed9e03e53415d37aa96045","0xa06c2b67e7435ce25a5969e49983ec3304d8e787","","0","0","0","0.008672327889457778","13.7106902233961","3402.62","","","Exec Transaction",""
"0x68a5f55a8b81e644e1564575bacec34c86d08d555407981f37798b80eb542d54","14482655","1648577448","2022-03-29 18:10:48","0xd8da6bf26964af9d7eed9e03e53415d37aa96045","0x220866b1a2219f40e72f5c628b65d54268ca3a9d","","0","0","0","0.003341745","5.28319859265","3402.62","","","Exec Transaction",""
"0x1f57fc9d979454a53d8eb35b9f786a43e885fd2f09c2f8377bae32ae84523f40","14518449","1649060745","2022-04-04 08:25:45","0xd8da6bf26964af9d7eed9e03e53415d37aa96045","0x10e1439455bd2624878b243819e31cfee9eb721c","","0","500","790485","0.001043732095655687","1.65010913126877","3520.15","","","Transfer",""
"0xa8faf11f4e4c0a93fe9df333cc18d15e854d94b9f19d2237899213cf73c4699a","14518566","1649062437","2022-04-04 08:53:57","0xd8da6bf26964af9d7eed9e03e53415d37aa96045","0x165cd37b4c644c2921454429e7f9358d18a45e14","","0","750","1185727.5","0.000879436979421","1.39036348135522","3520.15","","","Transfer",""
"0x37a195d5df38c5b5a49199acc37f44c827697f9f1d4775faa3445bf4faa5f8f9","14518568","1649062442","2022-04-04 08:54:02","0xd8da6bf26964af9d7eed9e03e53415d37aa96045","0x10e1439455bd2624878b243819e31cfee9eb721c","","0","250","395242.5","0.001135075890124899","1.79452093001076","3520.15","","","Transfer",""
"0x36dcb9f6b6f2d123c6a6011e444850e40a380605cf8bb68b86082beb296efb25","14518735","1649064725","2022-04-04 09:32:05","0xf248c52ebddb098e53be91365dde4ccb48873285","0xd8da6bf26964af9d7eed9e03e53415d37aa96045","","0.000001","0","0.00158097","0.000923976","1.46077833672","3520.15","","","0x596f7520",""
"0x56551b1634ec1756673559150b48cee517608fabcfc1156b218083a5fea8c852","14521151","1649097213","2022-04-04 18:33:33","0x31faa96ea12584fe3d9bf27a14cdfa7922bb5af9","0xd8da6bf26964af9d7eed9e03e53415d37aa96045","","0.00001","0","0.0158097","0.002452352","3.87709494144","3520.15","","","0x7468616e",""
"0x43dfe1cde2b330e9c99798da957964e69aadfdc0ee0485ab3e30199f643b684f","14547043","1649446521","2022-04-08 19:35:21","0xd8da6bf26964af9d7eed9e03e53415d37aa96045","0xa06c2b67e7435ce25a5969e49983ec3304d8e787","","0","0","0","0.004118925098881296","6.51189701357836","3192.92","","","Exec Transaction",""
"0xa3c3b450cc29889fbf253568857a22277b8716fa41dc0f5b84362431ae00488c","14547054","1649446648","2022-04-08 19:37:28","0xd8da6bf26964af9d7eed9e03e53415d37aa96045","0xa06c2b67e7435ce25a5969e49983ec3304d8e787","","0","0","0","0.00387203502903228","6.12157121984916","3192.92","","","Exec Transaction",""
"0x9dcdf864e89ca06a54d2b30f200e41c7bfbdc69900ed4e41f9e2ed1f99671409","14564145","1649676615","2022-04-11 11:30:15","0x6f8f0cc37977eb39393e9c42b61c25968ab59602","0xd8da6bf26964af9d7eed9e03e53415d37aa96045","","0.00001337","0","0.0211375689","0.000763445026365","1.20698368333227","2979.52","","","Transfer",""
"0x46fe852884fb562a015b9f8671c8181c8b3b95f07a9278f77a1f436a4e508d51","14569607","1649751317","2022-04-12 08:15:17","0xa887a88a50d90eae967b26b4f1414ad18a438087","0xd8da6bf26964af9d7eed9e03e53415d37aa96045","","0.0001","0","0.158097","0.000626821844565","0.990986531601928","3028.77","","","Transfer",""
"0x8418911bb9d040b7dbb524b85849bf6b9766a509b062e371921fb8db5222f443","14594979","1650093860","2022-04-16 07:24:20","0xd8da6bf26964af9d7eed9e03e53415d37aa96045","0xa06c2b67e7435ce25a5969e49983ec3304d8e787","","0","0","0","0.002273103297225075","3.59370811981393","3060.28","","","Exec Transaction",""
"0x88a3adc55ab8e15dcf441095118c1c12b61e2e7fd6a1f7a5e3f85bddada1ed53","14594984","1650093914","2022-04-16 07:25:14","0xd8da6bf26964af9d7eed9e03e53415d37aa96045","0xa06c2b67e7435ce25a5969e49983ec3304d8e787","","0","0","0","0.00258940367299218","4.09376952489045","3060.28","","","Exec Transaction",""
"0x0c305967a0a191cfaedd35c84a3c9fdb5eea418b2d34a188e7a92405c19c685f","14595021","1650094309","2022-04-16 07:31:49","0xd8da6bf26964af9d7eed9e03e53415d37aa96045","0xa06c2b67e7435ce25a5969e49983ec3304d8e787","","0","0","0","0.00228031333967019","3.60510698061838","3060.28","","","Exec Transaction",""
"0x512de1e8cc634530a8df70ad9e9cd5bc36e93fb9227a2793445c2cbaf30067c4","14595034","1650094505","2022-04-16 07:35:05","0xd8da6bf26964af9d7eed9e03e53415d37aa96045","0xa06c2b67e7435ce25a5969e49983ec3304d8e787","","0","0","0","0.002593958902752745","4.10097120648501","3060.28","","","Exec Transaction",""
"0x7e30ef6a161afa78a52431017d4dc53c3154b990640719654c42f96eb155c26f","14595155","1650096205","2022-04-16 08:03:25","0xd8da6bf26964af9d7eed9e03e53415d37aa96045","0xa06c2b67e7435ce25a5969e49983ec3304d8e787","","0","0","0","0.002492477026268012","3.94053140421894","3060.28","","","Exec Transaction",""
"0x2684d989b0b9b25c1a920b9ca153bdd095701143e488091dcedaa8328f36d030","14603594","1650209570","2022-04-17 15:32:50","0x5f06916b45b41364ff46bf2c2efcfb35be59f1ea","0xd8da6bf26964af9d7eed9e03e53415d37aa96045","","0","0","0","0.00093460877242316","1.47758843093784","2988.40","","","0x63616e20",""
"0x6fe223e4e58f5a088b802e76d75593371691884025606f4b4d612dff455aee04","14609147","1650284403","2022-04-18 12:20:03","0x5f06916b45b41364ff46bf2c2efcfb35be59f1ea","0xd8da6bf26964af9d7eed9e03e53415d37aa96045","","0","0","0","0.000586438205334392","0.927141209487514","3056.20","","","0x63616e20",""
"0xe2bea5bd055ecbb3cb959f0b3db730975f0bc5ac73336abdfd1caf4e101c9bf1","14620175","1650434736","2022-04-20 06:05:36","0x5c8cb0cd3d9a1155e1c1198aa5a6cba1450ffdd8","0xd8da6bf26964af9d7eed9e03e53415d37aa96045","","0.0042069","0","6.650982693","0.00083294548218","1.31686181896211","3077.74","","","Transfer",""
"0x9ddd52668bc913ec679bf89600332a309ac8e527193f18b49977d5cdcac5eb51","14629048","1650554174","2022-04-21 15:16:14","0x43e4579541c59817e2e5ec034c9001f62b46539b","0xd8da6bf26964af9d7eed9e03e53415d37aa96045","","0.006352362364158701","0","10.042894326864","0.001404326634984","2.22019828011065","2984.24","","","Transfer",""
"0x070c862e89f5b36d23d40e6d4c5962e002ef1dbd47d6fcc53e5ce1958d5f0e49","14629656","1650562801","2022-04-21 17:40:01","0xea0f40e3333e51fd32cd305c74da3ab9a317d887","0xd8da6bf26964af9d7eed9e03e53415d37aa96045","","0.0001","0","0.158097","0.002458182720504","3.88631313563521","2984.24","","","Transfer",""
"0x6b7339221cec98ac158f38e47ee8b68c95659e7d2403927f7a61acc88a120b1d","14629660","1650562886","2022-04-21 17:41:26","0xea0f40e3333e51fd32cd305c74da3ab9a317d887","0xd8da6bf26964af9d7eed9e03e53415d37aa96045","","0.00001","0","0.0158097","0.002867227487061","4.53300064021883","2984.24","","","Transfer",""
"0x3f416382ca4b1babec08c0395864fbbb9882056d1939254b597abbee0468449b","14629660","1650562886","2022-04-21 17:41:26","0xea0f40e3333e51fd32cd305c74da3ab9a317d887","0xd8da6bf26964af9d7eed9e03e53415d37aa96045","","0.00001","0","0.0158097","0.002867227487061","4.53300064021883","2984.24","","","Transfer",""
"0x28ab24789adda44e14f679f117050e4e54358028054ff91d361c19438b703195","14643843","1650754209","2022-04-23 22:50:09","0xf38e4689674c206be732932edb1edc43dbf2f095","0xd8da6bf26964af9d7eed9e03e53415d37aa96045","","0","0","0","0.00069432","1.0976990904","2933.65","","","0x54686520",""
"0x43c042bd916511e7ba6b214a32915d4aa6ad6f00c11c0deefa3b2c59cc9a8f51","14644997","1650770034","2022-04-24 03:13:54","0x90192796ef4c9364775d10a1ca0dd24d5dabe43d","0xd8da6bf26964af9d7eed9e03e53415d37aa96045","","0.0042069","0","6.650982693","0.000507549321069","0.802420250130457","2922.37","","","Transfer",""
"0x7de7b27ca71e3d9bb05c5855ef32cc0280a92044a6df9a4a5642a542239b42e3","14663768","1651025538","2022-04-27 02:12:18","0xd8da6bf26964af9d7eed9e03e53415d37aa96045","0xa06c2b67e7435ce25a5969e49983ec3304d8e787","","0","0","0","0.006598170626958746","10.431509816103","2889.72","","","Exec Transaction",""
"0x8491b71f44296578e7b6687f80b14fc1b9ecdcace8c35d117c55f4ced8f43899","14663781","1651025671","2022-04-27 02:14:31","0xd8da6bf26964af9d7eed9e03e53415d37aa96045","0xa06c2b67e7435ce25a5969e49983ec3304d8e787","","0","0","0","0.005416497824571266","8.56332056571243","2889.72","","","Exec Transaction",""
"0x771a20e5b0addd7673534ae77f5ae718ba9eec6f2742794be1a9cd9133c4e24c","14673498","1651157865","2022-04-28 14:57:45","0xb5d85cbf7cb3ee0d56b3bb207d5fc4b82f43f511","0xd8da6bf26964af9d7eed9e03e53415d37aa96045","","0.001","0","1.58097","0.001170560178816","1.85062052590273","2936.49","","","Transfer",""
"0x69e3db6f24c05c15b94fd32725c1d2ccba1a656d779850f8c90eae82a886f2f0","14685825","1651324918","2022-04-30 13:21:58","0xd8da6bf26964af9d7eed9e03e53415d37aa96045","0xfccf08bd2be84cabe3e73dbfd23042198067c205","","0","490","774675.3","0.001657038369231","2.61972795060313","2727.87","","","Transfer",""
"0xf305540d28bda4066461600066f9d112f547e92803a99d9f72570b68b6581882","14704073","1651573238","2022-05-03 10:20:38","0x07be9763a718c0539017e2ab6fc42853b4aeeb6b","0xd8da6bf26964af9d7eed9e03e53415d37aa96045","","0","0","0","0.001014192783975","1.60340836568096","2780.63","","","Transfer",""
"0x144959bb1a6ee5bd41baa5336f2759e3046a9a6fad843240249abe165d3d568c","14713623","1651704039","2022-05-04 22:40:39","0xd8da6bf26964af9d7eed9e03e53415d37aa96045","0xa06c2b67e7435ce25a5969e49983ec3304d8e787","","0","0","0","0.003057423051995257","4.83369412251294","2940.31","","","Exec Transaction",""
"0xe4cba30aa3e6bc96a5c27c39c8a1c547450bde4f8a000c880cc4cf37b8f84d18","14713632","1651704124","2022-05-04 22:42:04","0xd8da6bf26964af9d7eed9e03e53415d37aa96045","0xa06c2b67e7435ce25a5969e49983ec3304d8e787","","0","0","0","0.00370928304881563","5.86426522168605","2940.31","","","Exec Transaction",""
"0xea8a64f81c48527ca599814e1c661c288bd7ec6e307c3765a2b149b31f5133ef","14718206","1651767136","2022-05-05 16:12:16","0x21044f5626f59e294a347383842f53d04094f2e9","0xd8da6bf26964af9d7eed9e03e53415d37aa96045","","0.000001","0","0.00158097","0.00188462771637232","2.97953988075315","2747.28","","","0x506c7320",""
"0xabef64b9bfea4a0695cdfe5e7b5f20db88534b9ecfa59529ac46a43585e74714","14722673","1651828228","2022-05-06 09:10:28","0xd8da6bf26964af9d7eed9e03e53415d37aa96045","0x5178c829b446aa25e4cf753bd3e9bb5f9d4db761","","0","0.12","189.7164","0.00174321","2.7559627137","2692.08","","","Transfer",""
"0xb919216465cfc6eb4c3e2576e37f899a3d3cdffa9e96e1d99db5ee96f1ed595b","14722888","1651831186","2022-05-06 09:59:46","0xd8da6bf26964af9d7eed9e03e53415d37aa96045","0x5178c829b446aa25e4cf753bd3e9bb5f9d4db761","","0","500","790485","0.002210321935111068","3.49445266975254","2692.08","","","Transfer",""
"0x6b641033c6274d0f44def1805122f7114f493be905e71583518d1c36c20e0281","14761326","1652362023","2022-05-12 13:27:03","0xd8da6bf26964af9d7eed9e03e53415d37aa96045","0xa06c2b67e7435ce25a5969e49983ec3304d8e787","","0","0","0","0.019707658949314483","31.1572175690977","1952.81","","","Exec Transaction",""
"0xd8dcb11634b13218315aed6dc3053bceabc97568460d26e0fa635ee807cfc15c","14761347","1652362298","2022-05-12 13:31:38","0xd8da6bf26964af9d7eed9e03e53415d37aa96045","0xa06c2b67e7435ce25a5969e49983ec3304d8e787","","0","0","0","0.00852615997014607","13.4796031280018","1952.81","Error(0)","Reverted","Exec Transaction",""
"0x17ae21841c840690d8a95668e7966f77f3d90919eb4ab1c4bf5319e6b05df2c7","14761350","1652362337","2022-05-12 13:32:17","0xd8da6bf26964af9d7eed9e03e53415d37aa96045","0xa06c2b67e7435ce25a5969e49983ec3304d8e787","","0","0","0","0.009376744264612052","14.8243513800237","1952.81","Error(0)","Reverted","Exec Transaction",""
"0xab728b2a23c6a97d46fbb231f4f6874d59f527274d3945bedb5c1c070842e8d4","14761370","1652362551","2022-05-12 13:35:51","0xd8da6bf26964af9d7eed9e03e53415d37aa96045","0xea2efee7c6d7e1f99e6ba9dc9b072c54e8766751","","0","500","790485","0.004340124250051343","6.86160623560367","1952.81","","","Transfer",""
"0x3ae008d574a104eca778176eda68261ee60a590484d6878e16716322e2f59173","14768765","1652463776","2022-05-13 17:42:56","0xd8da6bf26964af9d7eed9e03e53415d37aa96045","0xa06c2b67e7435ce25a5969e49983ec3304d8e787","","0","0","0","0.008334427095199121","13.176479204697","2006.51","","","Exec Transaction",""
"0xfae6f782cd75b578cddcdb400bbdb61cd6f81fff5f10aa87f8a3bd732a9eb0bd","14768848","1652464901","2022-05-13 18:01:41","0xd8da6bf26964af9d7eed9e03e53415d37aa96045","0xa06c2b67e7435ce25a5969e49983ec3304d8e787","","0","0","0","0.005559395637907895","8.78923772166324","2006.51","","","Exec Transaction",""
"0xaa22c43fe87e703f18e597d5f30067dcd18dea11adbb9c945cef750d3b7347de","14781367","1652637233","2022-05-15 17:53:53","0xd8da6bf26964af9d7eed9e03e53415d37aa96045","0x4678f0a6958e4d2bc4f1baf7bc52e8f3564f3fe4","","0","0","0","0.0148994","23.555504418","2143.12","","","Build",""
"0x3839ea3360fcbc0375ea95fd29a8a26c6a2fadd0697aeaaeff4de89512beed8a","14781402","1652637738","2022-05-15 18:02:18","0xd8da6bf26964af9d7eed9e03e53415d37aa96045","0x6248230fba26a2161a71b01486884db41d6524a6","","0","1000","1580970","0.014090535088714978","22.2767132592057","2143.12","","","Execute",""
"0x6ec6e63f61f48ada84a78a53f4f89fb58029880ef3a58bf0f00e88960d1d931c","14781412","1652637848","2022-05-15 18:04:08","0xd8da6bf26964af9d7eed9e03e53415d37aa96045","0x03ab458634910aad20ef5f1c8ee96f1d6ac54919","","0","0","0","0.000972170069929632","1.53697171545665","2143.12","","","Approve",""
"0x2de2dca7cf18a3580d8b1232548ba43164480fd04aec10ed79d97b2934468aff","14781415","1652637859","2022-05-15 18:04:19","0xd8da6bf26964af9d7eed9e03e53415d37aa96045","0x68b3465833fb72a70ecdf485e0e4c7bd8665fc45","","0","0","0","0.002879843075889118","4.55294550768842","2143.12","","","Multicall",""
"0x5a6bc1f6353fcd3f736aaac6b93f50bdfd8f07879936a770b41f7571a3a5059b","14784972","1652686742","2022-05-16 07:39:02","0x0bd3cc0024324c6cb1cb2513762ba859288a08e0","0xd8da6bf26964af9d7eed9e03e53415d37aa96045","","0.0001","0","0.158097","0.00043533662723408","0.688254147558263","2020.12","","","0x01101000",""
"0x2909ee3cc621f049970fe3ecb49d748778037170216e2eec6b1283683654320f","14786854","1652712775","2022-05-16 14:52:55","0xd8da6bf26964af9d7eed9e03e53415d37aa96045","0x220866b1a2219f40e72f5c628b65d54268ca3a9d","","0","0","0","0.003093587834079282","4.89086955804432","2020.12","","","Exec Transaction",""
"0xfcb74dd39df2b4f398a86d17fe097bc8f81fd26d249d32da2c62b159f56b0eef","14810035","1653035331","2022-05-20 08:28:51","0xe44a74b78796ed30a324eed35fdcd1e2d048cce3","0xd8da6bf26964af9d7eed9e03e53415d37aa96045","","0.005","0","7.90485","0.000409543037232","0.647475255572675","1956.88","","","Transfer",""
"0xe28ba4fa5b2546655bac43e0349ad818f33fb61f4f898e523d62d1161bbc5fc9","14821005","1653188367","2022-05-22 02:59:27","0x5f06916b45b41364ff46bf2c2efcfb35be59f1ea","0xd8da6bf26964af9d7eed9e03e53415d37aa96045","","0","0","0","0.00022184","0.3507223848","2041.08","","","0x63616e20",""
"0x932f78c6d5c5c5f942d98402d9089bd356d140242384901516b5e8d9535259c5","14822227","1653206128","2022-05-22 07:55:28","0x03cf40b900971561ac6bd997ef1fe939dcbc95e2","0xd8da6bf26964af9d7eed9e03e53415d37aa96045","","0","0","0","0.0005634","0.890718498","2041.08","","","0x68747470",""
"0xdec02dd90e5e3831b6dd243cd88bbbb751ff47892f6eb731c2ab05dd5a7cba48","14822228","1653206130","2022-05-22 07:55:30","0x03cf40b900971561ac6bd997ef1fe939dcbc95e2","0xd8da6bf26964af9d7eed9e03e53415d37aa96045","","0","0","0","0.0005634","0.890718498","2041.08","","","0x68747470",""
"0x37a498c4b41b6b23f7dc91911c20928ddd02a5632a50176baa4b7f36c7cc9bbc","14822230","1653206155","2022-05-22 07:55:55","0x03cf40b900971561ac6bd997ef1fe939dcbc95e2","0xd8da6bf26964af9d7eed9e03e53415d37aa96045","","0","0","0","0.0005634","0.890718498","2041.08","","","0x68747470",""
"0x4007ba958f299ed7c3923dde1b10ee3436208466254c304de2e3ab649119be68","14822230","1653206155","2022-05-22 07:55:55","0x03cf40b900971561ac6bd997ef1fe939dcbc95e2","0xd8da6bf26964af9d7eed9e03e53415d37aa96045","","0","0","0","0.0005634","0.890718498","2041.08","","","0x68747470",""
"0x80b3e53f3b7bc8c88fdeea3f58d1a9a0e9f11699f24df2c0b990b8851cefe8b4","14822231","1653206172","2022-05-22 07:56:12","0x03cf40b900971561ac6bd997ef1fe939dcbc95e2","0xd8da6bf26964af9d7eed9e03e53415d37aa96045","","0","0","0","0.0005634","0.890718498","2041.08","","","0x68747470",""
"0xdbf2ff3c6b349292ee81a841e2daa221d9297ec6f58fa81a35067782c59c1f0c","14822233","1653206192","2022-05-22 07:56:32","0x03cf40b900971561ac6bd997ef1fe939dcbc95e2","0xd8da6bf26964af9d7eed9e03e53415d37aa96045","","0","0","0","0.0005634","0.890718498","2041.08","","","0x68747470",""
"0xf90e86d2b9cbd6c3d10c74f552de8cad83e43df66da3f681b9d3e1425f26f61f","14822233","1653206192","2022-05-22 07:56:32","0x03cf40b900971561ac6bd997ef1fe939dcbc95e2","0xd8da6bf26964af9d7eed9e03e53415d37aa96045","","0","0","0","0.0005634","0.890718498","2041.08","","","0x68747470",""
"0xbbb3f429850d8905727d2731b262e5b67caab3c5fa0159f3b2b005a67dff52af","14822237","1653206271","2022-05-22 07:57:51","0x03cf40b900971561ac6bd997ef1fe939dcbc95e2","0xd8da6bf26964af9d7eed9e03e53415d37aa96045","","0","0","0","0.0005634","0.890718498","2041.08","","","0x68747470",""
"0xe6855e68209b40b4c8804d4fcd3427fcf28b7750ae093e35ed6459f778c3a93c","14822239","1653206278","2022-05-22 07:57:58","0x03cf40b900971561ac6bd997ef1fe939dcbc95e2","0xd8da6bf26964af9d7eed9e03e53415d37aa96045","","0","0","0","0.0005634","0.890718498","2041.08","","","0x68747470",""
"0x0cb3018eddb072cbe3a9522d60f38c57a81de26ea3809a7ac99ffddbfe5d102b","14822240","1653206311","2022-05-22 07:58:31","0x03cf40b900971561ac6bd997ef1fe939dcbc95e2","0xd8da6bf26964af9d7eed9e03e53415d37aa96045","","0","0","0","0.000428184","0.67694605848","2041.08","","","0x68747470",""
"0xec42fe73ff225f892a43e244aace35a168f6306394e9eea77cd0a748c43761c0","14822241","1653206323","2022-05-22 07:58:43","0x03cf40b900971561ac6bd997ef1fe939dcbc95e2","0xd8da6bf26964af9d7eed9e03e53415d37aa96045","","0","0","0","0.0005634","0.890718498","2041.08","","","0x68747470",""
"0x3a361dd613c8b2b35b2e2b8ac4e188be13cbb344a7914f26020d00da56b74fc3","14822242","1653206336","2022-05-22 07:58:56","0x03cf40b900971561ac6bd997ef1fe939dcbc95e2","0xd8da6bf26964af9d7eed9e03e53415d37aa96045","","0","0","0","0.0005634","0.890718498","2041.08","","","0x68747470",""
"0xb65161d3089e6f055ed6b1eabaed40244beebf4211539dc21a2fa4b17808bb06","14822242","1653206336","2022-05-22 07:58:56","0x03cf40b900971561ac6bd997ef1fe939dcbc95e2","0xd8da6bf26964af9d7eed9e03e53415d37aa96045","","0","0","0","0.0005634","0.890718498","2041.08","","","0x68747470",""
"0x6b448a4352b2b7c08b6db0d459d4a4d85f11773cdf5a0be4dc8cda72e5bd86d2","14822242","1653206336","2022-05-22 07:58:56","0x03cf40b900971561ac6bd997ef1fe939dcbc95e2","0xd8da6bf26964af9d7eed9e03e53415d37aa96045","","0","0","0","0.0005634","0.890718498","2041.08","","","0x68747470",""
"0xd728a156d32c60d3cf2cb9877b5a7369c86f6cf884e3b8b4463846a4dc73c92c","14822246","1653206379","2022-05-22 07:59:39","0x03cf40b900971561ac6bd997ef1fe939dcbc95e2","0xd8da6bf26964af9d7eed9e03e53415d37aa96045","","0","0","0","0.0005634","0.890718498","2041.08","","","0x68747470",""
"0xd2570be1b480103df497f6a78d93a494d0349646228d8759ea7f3e54be609ce3","14822247","1653206389","2022-05-22 07:59:49","0x03cf40b900971561ac6bd997ef1fe939dcbc95e2","0xd8da6bf26964af9d7eed9e03e53415d37aa96045","","0","0","0","0.0005634","0.890718498","2041.08","","","0x68747470",""
"0x7dcf606e6df576f505f373714744f9e54cd573ca374831dae426fd761dcc6c0e","14822248","1653206396","2022-05-22 07:59:56","0x03cf40b900971561ac6bd997ef1fe939dcbc95e2","0xd8da6bf26964af9d7eed9e03e53415d37aa96045","","0","0","0","0.0005634","0.890718498","2041.08","","","0x68747470",""
"0x8012a7469961b01288c4158f8dd5dbd0c0fae1a3f55af74b18c62390e3301d22","14822248","1653206396","2022-05-22 07:59:56","0x03cf40b900971561ac6bd997ef1fe939dcbc95e2","0xd8da6bf26964af9d7eed9e03e53415d37aa96045","","0","0","0","0.0005634","0.890718498","2041.08","","","0x68747470",""
"0x713361fc1811c1f4b44b25952e7683386c3a5bf4582b1a053f700f4b8fe8f687","14822248","1653206396","2022-05-22 07:59:56","0x03cf40b900971561ac6bd997ef1fe939dcbc95e2","0xd8da6bf26964af9d7eed9e03e53415d37aa96045","","0","0","0","0.0005634","0.890718498","2041.08","","","0x68747470",""
"0x2ef2f1ace2017e0add959d840ad5c0e92f1d831cf69139d350911404f84df5ae","14822249","1653206438","2022-05-22 08:00:38","0x03cf40b900971561ac6bd997ef1fe939dcbc95e2","0xd8da6bf26964af9d7eed9e03e53415d37aa96045","","0","0","0","0.0005634","0.890718498","2041.08","","","0x68747470",""
"0x175eec3af277b31cf489800550c0a683de6def3b067e20a8272bfe57c86c64b4","14822251","1653206454","2022-05-22 08:00:54","0x03cf40b900971561ac6bd997ef1fe939dcbc95e2","0xd8da6bf26964af9d7eed9e03e53415d37aa96045","","0","0","0","0.0005634","0.890718498","2041.08","","","0x68747470",""
"0x01aebe1124e2fbf3694ffc008e171afcbe9d150ab5cbb2a15ec8d4cb7dd50f23","14822251","1653206454","2022-05-22 08:00:54","0x03cf40b900971561ac6bd997ef1fe939dcbc95e2","0xd8da6bf26964af9d7eed9e03e53415d37aa96045","","0","0","0","0.0005634","0.890718498","2041.08","","","0x68747470",""
"0x5d2cc64fb441df969c1b85107a6300c2ce80d406f17e57ecbcba17b240c8af1a","14822251","1653206454","2022-05-22 08:00:54","0x03cf40b900971561ac6bd997ef1fe939dcbc95e2","0xd8da6bf26964af9d7eed9e03e53415d37aa96045","","0","0","0","0.0005634","0.890718498","2041.08","","","0x68747470",""
"0xa6ba6b8ddd4cbb0df8331bf57e74bc162865f748b1335e9c42076a50c5b17ec0","14822251","1653206454","2022-05-22 08:00:54","0x03cf40b900971561ac6bd997ef1fe939dcbc95e2","0xd8da6bf26964af9d7eed9e03e53415d37aa96045","","0","0","0","0.0005634","0.890718498","2041.08","","","0x68747470",""
"0x7158df0411464038727b1ed51ae9cc1ef428bf8f778f9a61c448082c5e2513ec","14822252","1653206511","2022-05-22 08:01:51","0x03cf40b900971561ac6bd997ef1fe939dcbc95e2","0xd8da6bf26964af9d7eed9e03e53415d37aa96045","","0","0","0","0.0005634","0.890718498","2041.08","","","0x68747470",""
"0xbf39beaae893c528e3dc914f3e7e59eb5812cb727d7c054868d628400adba5d2","14822254","1653206529","2022-05-22 08:02:09","0x03cf40b900971561ac6bd997ef1fe939dcbc95e2","0xd8da6bf26964af9d7eed9e03e53415d37aa96045","","0","0","0","0.0005634","0.890718498","2041.08","","","0x68747470",""
"0xc28efff0334292eaac09fa611eba7e721970eb7a7b7dc3dd411a521869ec9810","14827152","1653275499","2022-05-23 03:11:39","0xd8da6bf26964af9d7eed9e03e53415d37aa96045","0xa06c2b67e7435ce25a5969e49983ec3304d8e787","","0","0","0","0.002539355549882492","4.01464494369772","1970.70","","","Exec Transaction",""
"0x9846ec9e063cea51cc50bca3a8d52874bcd7029d072df89b81928a6b226fc99c","14839580","1653449833","2022-05-25 03:37:13","0xd8da6bf26964af9d7eed9e03e53415d37aa96045","0x68b3465833fb72a70ecdf485e0e4c7bd8665fc45","","0","125.317692331502726056","198123.512045336","0.00298977","4.7267366769","1941.04","","","Multicall",""
"0x46297fa4cd24ff545fde40582b1218af8f94e01d228c42f777bbb547903fcf18","14842429","1653489576","2022-05-25 14:39:36","0xd8da6bf26964af9d7eed9e03e53415d37aa96045","0xa0b86991c6218b36c1d19d4a2e9eb0ce3606eb48","","0","0","0","0.002886972","4.56421612284","1941.04","","","Transfer",""
"0x86c1e2536ae1c8d9aea4ac275a120072cd0cd0d5e664d3ef7abe67802460185c","14842516","1653490613","2022-05-25 14:56:53","0xd8da6bf26964af9d7eed9e03e53415d37aa96045","0xa0b86991c6218b36c1d19d4a2e9eb0ce3606eb48","","0","0","0","0.002140891646315625","3.38468546607561","1941.04","","","Transfer",""
"0x58d87d4c0ef42f8004587c8c06de500c51691167cc1b0ac24835781d38312f7a","14844834","1653523648","2022-05-26 00:07:28","0xed662be091adcf33ce542cd979e7a8cfabbc1b7e","0xd8da6bf26964af9d7eed9e03e53415d37aa96045","","0.00001","0","0.0158097","0.000774035645166","1.22372713393809","1791.00","","","Transfer",""
"0x0b335560f4b81554f411f4df582332930ad3f11ff5f3bda9cebbd46c7234ae37","14845167","1653528508","2022-05-26 01:28:28","0xed662be091adcf33ce542cd979e7a8cfabbc1b7e","0xd8da6bf26964af9d7eed9e03e53415d37aa96045","","0.027","0","42.68619","0.001092909836718","1.72785766455606","1791.00","","","Transfer",""
"0x9cf2a8166d50c77fd11db37147beddd65ccaf916d28bd1e1b9b908edc5a8a920","14845570","1653534512","2022-05-26 03:08:32","0xd8da6bf26964af9d7eed9e03e53415d37aa96045","0xa06c2b67e7435ce25a5969e49983ec3304d8e787","","0","0","0","0.004173119463452126","6.59757667813391","1791.00","","","Exec Transaction",""
"0xf37cd22cb9f54a7594b586be6f557d5d14688aca649a11a64540bcb7b40abb6e","14848650","1653577885","2022-05-26 15:11:25","0xd8da6bf26964af9d7eed9e03e53415d37aa96045","0x4976fb03c32e5b8cfe2b6ccb31c09ba78ebaba41","","0","0","0","0.002954448336506355","4.67089418656645","1791.00","","","Set Contenthash",""
"0x1c7eb4b89c931fcc847e98ffe17dbd8fac23af884753b0c96d26ca7c1ece6f2b","14865750","1653816986","2022-05-29 09:36:26","0x4ed85d66c2f89edc579c43af44f4cc4ebe5a1b46","0xd8da6bf26964af9d7eed9e03e53415d37aa96045","","0.00000000000888","0","0.0000000140390136","0.000171712","0.27147152064","1811.69","","","0x54657874",""
"0xa0ddb7bcd0e84900b9f6e137b4f4f8e5e559ecd16f506403e84ad4ae7d411836","14873844","1653931749","2022-05-30 17:29:09","0x07be9763a718c0539017e2ab6fc42853b4aeeb6b","0xd8da6bf26964af9d7eed9e03e53415d37aa96045","","0.0002","0","0.316194","0.000662140127124","1.04682367677923","1997.64","","","Transfer",""
"0x680371ffdda01296092c6489ceb4d9b9d2d1132741c52ffc847fe4c8beb26da7","14888635","1654139900","2022-06-02 03:18:20","0xd8da6bf26964af9d7eed9e03e53415d37aa96045","0xa06c2b67e7435ce25a5969e49983ec3304d8e787","","0","0","0","0.003433018073958385","5.42749858438599","1833.26","","","Exec Transaction",""
"0x63660ba204426e265f6c702a4a8015b82edf87d5d2ce6a4d9acabc9f2858a0f2","14894814","1654226581","2022-06-03 03:23:01","0xd8da6bf26964af9d7eed9e03e53415d37aa96045","0xa06c2b67e7435ce25a5969e49983ec3304d8e787","","0","0","0","0.004635460761405048","7.32852439995854","1773.59","","","Exec Transaction",""
"0x826459a2a606dbc9d7edba3080a49782b8ea9d1a1e8652620296dc0e82699651","14894821","1654226666","2022-06-03 03:24:26","0xd8da6bf26964af9d7eed9e03e53415d37aa96045","0xa06c2b67e7435ce25a5969e49983ec3304d8e787","","0","0","0","0.004055483735230858","6.41159812088793","1773.59","","","Exec Transaction",""
"0x114e81cc4af8d9224e6989b12582cdef9b3134be1b2cf2ce2bc492ab1e9eba87","14894827","1654226849","2022-06-03 03:27:29","0xd8da6bf26964af9d7eed9e03e53415d37aa96045","0xa06c2b67e7435ce25a5969e49983ec3304d8e787","","0","0","0","0.006610811611331221","10.4514948331663","1773.59","","","Exec Transaction",""
"0x695dcf37893be6b93de445859b133e17dbaee8b7890ec28b126925d4d29bf7ca","14914323","1654509408","2022-06-06 09:56:48","0xa41db7f881b85b4acaccc42e990fa877e4a8ee78","0xd8da6bf26964af9d7eed9e03e53415d37aa96045","","0.01","0","15.8097","0.000671420984031","1.06149643312349","1858.56","","","Transfer",""
"0xf3be7f793377149e71575964d00951a9066edeb5def61a50c929e5748a0dbbde","14927412","1654701586","2022-06-08 15:19:46","0xd8da6bf26964af9d7eed9e03e53415d37aa96045","0xa0b86991c6218b36c1d19d4a2e9eb0ce3606eb48","","0","0","0","0.004754274","7.51636456578","1791.03","","","Transfer",""
"0x0c1e0b69e4af1815834db4fdc946e2a24f7a7625c992709cdd86c507067ff95e","14929873","1654737292","2022-06-09 01:14:52","0xd8da6bf26964af9d7eed9e03e53415d37aa96045","0x283af0b28c62c092c9727f1ee09c02ca627eb7f5","","0","0.01534579708300888","24.2612448143245","0.007310546458932395","11.5577546351783","1787.71","","","Renew",""
"0xa78e58926457a5b14ae07d35c84a40dca228e04a48e07a75bcd1f2830c3bc256","14940348","1654892290","2022-06-10 20:18:10","0xd8da6bf26964af9d7eed9e03e53415d37aa96045","0xa06c2b67e7435ce25a5969e49983ec3304d8e787","","0","0","0","0.00461868942780641","7.3020094246791","1661.10","","","Exec Transaction",""
"0x77849be415695681d8f2424514f333532bceb1d8e7a450c391dcad046623cf40","14953444","1655085409","2022-06-13 01:56:49","0xd8da6bf26964af9d7eed9e03e53415d37aa96045","0x6248230fba26a2161a71b01486884db41d6524a6","","0","500","790485","0.008506884556884438","13.4491292778976","1209.12","","","Execute",""
"0x6e1a6db2dfb8f96cbcc5520f3c06aaa9aeaa1ba4457aa305985aad2557ff82d2","14955435","1655115103","2022-06-13 10:11:43","0xd8da6bf26964af9d7eed9e03e53415d37aa96045","0x68b3465833fb72a70ecdf485e0e4c7bd8665fc45","","0","0","0","0.054800110880448164","86.6373312986621","1209.12","","","Multicall",""
"0x97b5b611bc0b9b950f9412cc2d43653121af099bf4b137d00a6c2f4af6b6a29b","14983305","1655529999","2022-06-18 05:26:39","0xd8da6bf26964af9d7eed9e03e53415d37aa96045","0x6248230fba26a2161a71b01486884db41d6524a6","","0","1000","1580970","0.005992488","9.47394375336","994.41","","","Execute",""
"0x1aebc0b8d4c5e2e7793486897873263c627678d8c1444a856720b35d6eeaaba4","14983313","1655530103","2022-06-18 05:28:23","0xd8da6bf26964af9d7eed9e03e53415d37aa96045","0x68b3465833fb72a70ecdf485e0e4c7bd8665fc45","","0","0","0","0.004564653520965138","7.21658027704026","994.41","","","Multicall",""
"0xc35df6fa270bdd5730665adc4e18cb714808db60f4fc93d310c584bc2f806d77","14996093","1655721322","2022-06-20 10:35:22","0x22d8333eb47b96d8e9530bccc467a1f99281489f","0xd8da6bf26964af9d7eed9e03e53415d37aa96045","","0.001","0","1.58097","0.00021","0.3320037","1126.99","","","Transfer",""
"0xf8319331571a29483579963d3dc4624c4b17adc21e141a9416e1b8a26b8e0210","15007754","1655902980","2022-06-22 13:03:00","0xd8da6bf26964af9d7eed9e03e53415d37aa96045","0x7d655c57f71464b6f83811c55d84009cd9f5221c","","0","0.165","260.86005","0.004583612969688718","7.24655459668877","1048.30","","","Donate",""
"0xff836758147a9c4f49b6eee31d4ab0bbae0fbf4d801d728ef5bd0355806f1c3a","15012839","1655985461","2022-06-23 11:57:41","0x4e8f1cf9a9ddcadee3340dada2cba5508d340b4e","0xd8da6bf26964af9d7eed9e03e53415d37aa96045","","0.01","0","15.8097","0.000397008","0.62765773776","1143.46","","","0xe69d8ee5",""
"0xbbb4eb5473dc6f2449baf392a0ee730364328b5535495f3d0fc7ea6ffcb63d38","15013611","1655998212","2022-06-23 15:30:12","0xd8da6bf26964af9d7eed9e03e53415d37aa96045","0xa06c2b67e7435ce25a5969e49983ec3304d8e787","","0","0","0","0.003798259980916674","6.00493508202983","1143.46","","","Exec Transaction",""
"0x225d40b608edaf4c25a41784d53afaa25a80d463df0ba344e16c385f9d37359f","15013618","1655998319","2022-06-23 15:31:59","0xd8da6bf26964af9d7eed9e03e53415d37aa96045","0xa06c2b67e7435ce25a5969e49983ec3304d8e787","","0","0","0","0.00589123155348431","9.31386034911209","1143.46","","","Exec Transaction",""
"0x884ddb0f940ece01a870aaa90de1db477f08001acbf973b29f6c989a5112c955","15014187","1656007491","2022-06-23 18:04:51","0xd8da6bf26964af9d7eed9e03e53415d37aa96045","0xa06c2b67e7435ce25a5969e49983ec3304d8e787","","0","0","0","0.024811386282387485","39.2260573708661","1143.46","","","Exec Transaction",""
"0x924803cc9a7c6a07530736adc557f2b5a530938508551fc67328a03911013e11","15014191","1656007582","2022-06-23 18:06:22","0xd8da6bf26964af9d7eed9e03e53415d37aa96045","0xa06c2b67e7435ce25a5969e49983ec3304d8e787","","0","0","0","0.027492976425136596","43.4655709388482","1143.46","","","Exec Transaction",""
"0xf68b61dc43bee7de4328ee20778c828ced38f9112da18f9a01f96c3066487755","15038155","1656394417","2022-06-28 05:33:37","0xd8da6bf26964af9d7eed9e03e53415d37aa96045","0xa06c2b67e7435ce25a5969e49983ec3304d8e787","","0","0","0","0.001838108926601206","2.90599506968871","1142.41","","","Exec Transaction",""
"0x607c66b22acd9298b94f9adf4d582aa4b40508e7bb59bfec5ed60dbb82dd40cf","15038158","1656394457","2022-06-28 05:34:17","0xd8da6bf26964af9d7eed9e03e53415d37aa96045","0xa06c2b67e7435ce25a5969e49983ec3304d8e787","","0","0","0","0.00234773288286383","3.71169525582123","1142.41","","","Exec Transaction",""
"0x2bb092cbdfe3181b8bbc9f6cf3a7a75d411f14a19b55a112894e166d8c434456","15038162","1656394518","2022-06-28 05:35:18","0xd8da6bf26964af9d7eed9e03e53415d37aa96045","0xa06c2b67e7435ce25a5969e49983ec3304d8e787","","0","0","0","0.001901062038613766","3.00552205118721","1142.41","","","Exec Transaction",""
"0x7875fd0cd7c453d2b690f91347fbacfef0ce708be1bce24f3af41ab3917eebb2","15041162","1656443327","2022-06-28 19:08:47","0xd8da6bf26964af9d7eed9e03e53415d37aa96045","0xa06c2b67e7435ce25a5969e49983ec3304d8e787","","0","0","0","0.00565280141661719","8.93690945562928","1142.41","","","Exec Transaction",""
"0x40a13dde9a3230f9888d907f1abe134af9b856764a4ef368a19d7ac68d1f5f9f","15041167","1656443398","2022-06-28 19:09:58","0xd8da6bf26964af9d7eed9e03e53415d37aa96045","0xa06c2b67e7435ce25a5969e49983ec3304d8e787","","0","0","0","0.004320984218215156","6.83134641947162","1142.41","","","Exec Transaction",""
"0x0c5bc95dce6b3a5cc040fabc6c9e286d2773a830459a4068b5cf216b211a1993","15041173","1656443461","2022-06-28 19:11:01","0xd8da6bf26964af9d7eed9e03e53415d37aa96045","0xa06c2b67e7435ce25a5969e49983ec3304d8e787","","0","0","0","0.004523458314991055","7.15145189225141","1142.41","","","Exec Transaction",""
"0x79f7e517e2bb82d4461de19ff6ae322c7252ff96a6dfa16a45e597fa92d5adb2","15048938","1656569018","2022-06-30 06:03:38","0xd8da6bf26964af9d7eed9e03e53415d37aa96045","0xa06c2b67e7435ce25a5969e49983ec3304d8e787","","0","0","0","0.007589016068475067","11.998006733777","1069.53","","","Exec Transaction",""
"0x8bcc1dd55035aec8d5725444bc0781103545171d9914ccc90e5d29ba87367ad7","15051638","1656611409","2022-06-30 17:50:09","0xd8da6bf26964af9d7eed9e03e53415d37aa96045","0xa06c2b67e7435ce25a5969e49983ec3304d8e787","","0","0","0","0.004683591069084757","7.40461697249093","1069.53","","","Exec Transaction",""
"0xc127e732896a7a08c47f7792f5fd0d73672a2639fc7d3206f8c8274efbda8894","15065965","1656803636","2022-07-02 23:13:56","0x2151cf5da5521d1a972b2fabd376f6592537f0df","0xd8da6bf26964af9d7eed9e03e53415d37aa96045","","0.0000001","0","0.000158097","0.000192299006613","0.304018960484955","1065.69","","","Transfer",""
"0xc98668a082f62087b940feaf1b17b861728e1664c7ce5a4643e762799c8f7bc2","15096262","1657207972","2022-07-07 15:32:52","0xd8da6bf26964af9d7eed9e03e53415d37aa96045","0x68b3465833fb72a70ecdf485e0e4c7bd8665fc45","","0","699.616448778938454824","1106072.61702604","0.022371997065524376","35.3694562006821","1236.64","","","Multicall",""
"0x3b22e2f6a065c6229e83f972afc7edd4894e678e790f33ee117eb6daa24c8790","15108474","1657371405","2022-07-09 12:56:45","0xb7338951d8aaf32ec72e72aff962aa0ee315cc6b","0xd8da6bf26964af9d7eed9e03e53415d37aa96045","","0.002","0","3.16194","0.000205278252711","0.32453875918851","1216.53","","","Transfer",""
"0x90fdc8fab7f573efa6c9f25a76ebca6dd2d3e2fc44db3efc55dd4667a41e8816","15110656","1657399975","2022-07-09 20:52:55","0x80939d8ac75588de8bc1cbb67f9deda38c65e6a3","0xd8da6bf26964af9d7eed9e03e53415d37aa96045","","0.000012923372927963","0","0.0204314648979217","0.0006354423101254","1.00461522903895","1216.53","","","0x656c6f20",""
"0x2de4ac860129730b9325faff04450a5e2c73538d5a650065e68cae8716d7f725","15117332","1657488971","2022-07-10 21:36:11","0xfbaa1d8f54c0d66f310368d2b62226cbe68614c5","0xd8da6bf26964af9d7eed9e03e53415d37aa96045","","0.0055","0","8.695335","0.000238719419421","0.377408240522018","1167.31","","","Transfer",""
"0x7e8ac2d07f49d0d74e5e9538e10f7e48bc3e2d43288564af97222ce340f86753","15121554","1657545677","2022-07-11 13:21:17","0xd8da6bf26964af9d7eed9e03e53415d37aa96045","0x0ca1b34306310ca4fe81c82251bb72978ebbeecf","","0","16","25295.52","0.000863972246613","1.36591420272775","1095.67","","","Transfer",""
"0x77d397d0a555785832edf181e4e755460053345459be2a14223257f2179d068b","15121554","1657545677","2022-07-11 13:21:17","0xd8da6bf26964af9d7eed9e03e53415d37aa96045","0x8f315cebd2eb6304a49d50d551608ffd06c8810a","","0","8","12647.76","0.000863972246613","1.36591420272775","1095.67","","","Transfer",""
"0xa94b7448b8e80e1ac90fcdc91d377e5b8881f764e90a8aa57cb088c0dab1078b","15121559","1657545728","2022-07-11 13:22:08","0xd8da6bf26964af9d7eed9e03e53415d37aa96045","0x22d48b5f228ab952e538c12fa72b85baccb9b901","","0","8","12647.76","0.000681884210763","1.07803848068998","1095.67","","","Transfer",""
"0x0474e9171fdcc03e80ca127b91dd549e757ddfdea312215e92f7183840e6efd7","15121562","1657545755","2022-07-11 13:22:35","0xd8da6bf26964af9d7eed9e03e53415d37aa96045","0x89f9798a8d8bac15a47031779cc6aa08d8059c52","","0","4","6323.88","0.000702835103712","1.11116121391556","1095.67","","","Transfer",""
"0xd8d586ad33434be0f51c5c9d6996b1c8b208b04155683eee377849b67a0b13cd","15148149","1657899857","2022-07-15 15:44:17","0xd8da6bf26964af9d7eed9e03e53415d37aa96045","0xd90e2f925da726b50c4ed8d0fb90ad053324f31b","","0","100","158097","0.0288334154546732","45.5847648313747","1231.23","","","Deposit",""
"0xfeb399764590a7c1ca321492b4634ceba530093d43d814aa1c5afdf3fa03b092","15148168","1657900086","2022-07-15 15:48:06","0xd8da6bf26964af9d7eed9e03e53415d37aa96045","0xd90e2f925da726b50c4ed8d0fb90ad053324f31b","","0","100","158097","0.035557818711904104","56.215844648959","1231.23","","","Deposit",""
"0x0f82d42f6d455f3b745be670a04d37a254d02a4b1ae35af967ed7d90de34ffdc","15148175","1657900128","2022-07-15 15:48:48","0xd8da6bf26964af9d7eed9e03e53415d37aa96045","0xd90e2f925da726b50c4ed8d0fb90ad053324f31b","","0","10","15809.7","0.028594544927823212","45.2071176945407","1231.23","","","Deposit",""
"0x98c40bdde8edd84ba4c483bfca447bb3209957c1be90582d5fbf8630845df814","15148191","1657900303","2022-07-15 15:51:43","0xd8da6bf26964af9d7eed9e03e53415d37aa96045","0xd90e2f925da726b50c4ed8d0fb90ad053324f31b","","0","10","15809.7","0.028360835743843008","44.8376304859435","1231.23","","","Deposit",""
"0x673ad35478c57a52087fe0b02f360bc24b8608419f98148fcbacaa15aab78c6e","15165016","1658125769","2022-07-18 06:29:29","0xd8da6bf26964af9d7eed9e03e53415d37aa96045","0x6b175474e89094c44da98b954eedeac495271d0f","","0","0","0","0.00082676176761362","1.3070855517441","1583.55","","","Transfer",""
"0x5e1687b92e4cb7afe5ca794c7e21269a7a3776733a5b69ebe67f3f7a1ec5cd5c","15183420","1658372544","2022-07-21 03:02:24","0x07312b44146e87e59a000fca6f2ac2e51e597080","0xd8da6bf26964af9d7eed9e03e53415d37aa96045","","0.003357079072640477","0","5.30744130147241","0.000442692681606","0.699883848838638","1575.68","","","Transfer",""
"0x3231e9bd7ada4fbeca3f44fb89e3f4815da634ab082cfb723050f1b20fc141e5","15185084","1658395082","2022-07-21 09:18:02","0x0ed54b1b1cce30abefaedf4739622e88dd6fcdb2","0xd8da6bf26964af9d7eed9e03e53415d37aa96045","","0.00004","0","0.0632388","0.000229129269201","0.362246500728705","1575.68","","","Transfer",""
"0xbe3783a61b032aba4871f70bb84eae64e074f1e5cfaec298c28ce08c5bde7249","15204249","1658651486","2022-07-24 08:31:26","0x85aa7a1d208586dc9b8294b568ea336273076c19","0xd8da6bf26964af9d7eed9e03e53415d37aa96045","","0.0001","0","0.158097","0.00015594586581","0.246545735469636","1597.72","","","Transfer",""
"0x8a51831beb9b9ba95876297f83099b7d8e3680ae633da590a3ef201d4f1699d9","15209424","1658721857","2022-07-25 04:04:17","0x106a4821eef5d786fb4253909652910c59bc7765","0xd8da6bf26964af9d7eed9e03e53415d37aa96045","","0","0","0","0.000786212776005104","1.24297881248079","1438.01","","","0x58585858",""
"0x402cc5ac59a9f98d4e41488b10c0053504bb1698e79442749203d0b5b22c2d18","15210879","1658741352","2022-07-25 09:29:12","0x766fd99f7d249e275b4cf9bae422d50cc3223869","0xd8da6bf26964af9d7eed9e03e53415d37aa96045","","0.00004581","0","0.0724242357","0.000063","0.09960111","1438.01","","","Transfer",""
"0x1d39dc48ad8f2c3b8fa239407711b28703727c2a2bc42ce541f557f1c117c727","15225783","1658942039","2022-07-27 17:13:59","0x65930c38f2bb0c9dddc54a0476e0bd1527feca7d","0xd8da6bf26964af9d7eed9e03e53415d37aa96045","","0.000001","0","0.00158097","0.000532651410879","0.842105901057373","1636.88","","","Transfer",""
"0x1bb4a76125ff921f25efe60ea1b43ee3ca5cdf3562a550d8e39732acf00ad0dc","15229184","1658987253","2022-07-28 05:47:33","0xd8da6bf26964af9d7eed9e03e53415d37aa96045","0xa06c2b67e7435ce25a5969e49983ec3304d8e787","","0","0","0","0.000794095704818784","1.25544148644735","1725.82","","","Exec Transaction",""
"0xe2bbe57f8cf8110b5d4f43b72d2dd477c4afefe855df2226e316c256e249dc52","15229186","1658987270","2022-07-28 05:47:50","0xd8da6bf26964af9d7eed9e03e53415d37aa96045","0xa06c2b67e7435ce25a5969e49983ec3304d8e787","","0","0","0","0.000689901508991311","1.09071358866999","1725.82","","","Exec Transaction",""
"0x88706f88a3f942938da56dd1aed6359a8b1542f687e0062eb1867464d9def42f","15229244","1658988011","2022-07-28 06:00:11","0x5017a5505efa3e1eaab5e35985e41a3f58964e09","0xd8da6bf26964af9d7eed9e03e53415d37aa96045","","0.00001","0","0.0158097","0.000299691978915","0.473804027905248","1725.82","","","Transfer",""
"0xd5cbecc9aab03feef000980dbf11f6e72871d28c44e5240d85255eee2237316c","15249530","1659261181","2022-07-31 09:53:01","0xd8da6bf26964af9d7eed9e03e53415d37aa96045","0x3fc2e15129574e44e9a5f9361f0df3dbab859338","","0","0.11","173.9067","0.000103218080091","0.163184688081468","1679.55","","","Transfer",""
"0x6d9bd28966a06a4800bfe3c5501c9d6fbf98c3a70879b7ff22d6d8760323d9d4","15249548","1659261403","2022-07-31 09:56:43","0xd8da6bf26964af9d7eed9e03e53415d37aa96045","0x3fc2e15129574e44e9a5f9361f0df3dbab859338","","0","299.89","474117.0933","0.000101011375563","0.159695954423836","1679.55","","","Transfer",""
"0xb03020f2333a8a07fa4bb6f4664f8e138cef0702715d1eabf3dfb802155a1e79","15254758","1659332055","2022-08-01 05:34:15","0x6b9defc4b4ee0fe8bb684e58aca4a567656609bc","0xd8da6bf26964af9d7eed9e03e53415d37aa96045","","0","0","0","0.00009311638508352","0.147214211325493","1630.62","","","0x546f2073",""
"0x0ef98740461e35dfc6a92d2ca9a48f3a8ecaa53f91687abd6729b3c15f91ffa6","15265534","1659475985","2022-08-02 21:33:05","0x1d9620aa05834840377e146457fc062ac332f688","0xd8da6bf26964af9d7eed9e03e53415d37aa96045","","0","0","0","0.00016725881060304","0.264431161799088","1631.11","","","0x45786520",""
"0x011c3c6cbdcaf637729873ba703b4583144040c9ed9b87ed6d613292f7e70e3a","15274088","1659591930","2022-08-04 05:45:30","0xd8da6bf26964af9d7eed9e03e53415d37aa96045","0x68b3465833fb72a70ecdf485e0e4c7bd8665fc45","","0","60.960515469607293886","96376.746141985","0.002524884812384272","3.99176714183516","1607.96","","","Multicall",""
"0x634335be2647e4f3fe8e6431b1e6a51538e7202438de1796aa52ad038862ac56","15274096","1659591962","2022-08-04 05:46:02","0xd8da6bf26964af9d7eed9e03e53415d37aa96045","0xa0b86991c6218b36c1d19d4a2e9eb0ce3606eb48","","0","0","0","0.0005618962363386","0.888341092764237","1607.96","","","Transfer",""
"0x2cec9275c134038b257a98c5a512466f2151b70b98ea1440b82d4a36509d8c2b","15274105","1659592050","2022-08-04 05:47:30","0xd8da6bf26964af9d7eed9e03e53415d37aa96045","0x68b3465833fb72a70ecdf485e0e4c7bd8665fc45","","0","7.427056034207814857","11741.9527784015","0.001429091967880892","2.25935152846065","1607.96","","","Multicall",""
"0xa2286d60a99b8a102ec883807cba4c3df2547cedba85e769908df7ddfd08108f","15274112","1659592175","2022-08-04 05:49:35","0xd8da6bf26964af9d7eed9e03e53415d37aa96045","0x68b3465833fb72a70ecdf485e0e4c7bd8665fc45","","0","0.003788829948804386","5.99002648416127","0.001437142394083656","2.27207901077444","1607.96","","","Multicall",""
"0xbd8ecf2cb086a16598bb079e2958ed6e3d7dd0689bad3d28352aaf878379b090","15274112","1659592175","2022-08-04 05:49:35","0xd8da6bf26964af9d7eed9e03e53415d37aa96045","0x4e4a47cac6a28a62dcc20990ed2cda9bc659469f","","0","0","0","0.000501795649005976","0.793323867208978","1607.96","","","Approve",""
"0xf0461adb532f1e5021373f9fc0e776e9335de42b8709e704c4ee6f7df367edbd","15274144","1659592608","2022-08-04 05:56:48","0xd8da6bf26964af9d7eed9e03e53415d37aa96045","0x68b3465833fb72a70ecdf485e0e4c7bd8665fc45","","0","0","0","0.016657626920909178","26.3352084331498","1607.96","","","Multicall",""
"0x9a0d4aab2c838da8f50c909aaf0187921dd8661e61d02dc59471180820455739","15274153","1659592705","2022-08-04 05:58:25","0xd8da6bf26964af9d7eed9e03e53415d37aa96045","0xa0b86991c6218b36c1d19d4a2e9eb0ce3606eb48","","0","0","0","0.001049466465095067","1.65917499732135","1607.96","","","Transfer",""
"0xaf87d7a73ed79fb063ada2a36ef49e95ca773caa09d6f499345e173a31fc2c2c","15274734","1659600604","2022-08-04 08:10:04","0xd8da6bf26964af9d7eed9e03e53415d37aa96045","0x4976fb03c32e5b8cfe2b6ccb31c09ba78ebaba41","","0","0","0","0.00100051234530924","1.58178000256355","1607.96","","","Set Contenthash",""
"0x98564eefd0e3ae24ee791c9edf501e4f1d065f9e47b2fd535f2f3eaed2459255","15275326","1659608709","2022-08-04 10:25:09","0xb9826e3af06c77fc035d6a6593334bebf5d3bf2f","0xd8da6bf26964af9d7eed9e03e53415d37aa96045","","0.001","0","1.58097","0.00026660112413928","0.421488379230478","1607.96","","","0x56697461",""
"0xcc05ce8a9a7f77f52093930c4513702dcfc9f7fbd847d43afeb99d4dbbc7bb65","15281066","1659685782","2022-08-05 07:49:42","0xd8da6bf26964af9d7eed9e03e53415d37aa96045","0x20d4db1946859e2adb0e5acc2eac58047ad41395","","0","0","0","0.000432589772233008","0.683911452207219","1736.78","","","Approve",""
"0xffbfa58d2818293383592f851c8ecc5487029c0134f094759ba842596ad40e3f","15281067","1659685787","2022-08-05 07:49:47","0xd8da6bf26964af9d7eed9e03e53415d37aa96045","0x68b3465833fb72a70ecdf485e0e4c7bd8665fc45","","0","0","0","0.001077849633978605","1.70404793583116","1736.78","","","Multicall",""
"0xcbc79e39b8ee1d85166f9a9afdd4adbe3740d3ee0a29c3fd8e1c369cbf87ec76","15281790","1659695850","2022-08-05 10:37:30","0xb04681ef3eec95977baf30dd38c665c82e33edcf","0xd8da6bf26964af9d7eed9e03e53415d37aa96045","","0.00001","0","0.0158097","0.000147222423512712","0.232754234900892","1736.78","","","0x6d6f6f6e",""
"0x7a69baa1eb1c5179d74b522476db707e8dcd4761b0e1e25f0b18f94549accbfa","15288255","1659782790","2022-08-06 10:46:30","0x19a1fcd731895cb0f2be59f21eabd8d1893a4dbe","0xd8da6bf26964af9d7eed9e03e53415d37aa96045","","0","0","0","0.000114895195947","0.181645857936329","1690.67","","","Transfer",""
"0x95ddb4b424b3bc86183990719cb3dba08810fb3ce397a6f279b8b033e3b2e323","15311142","1660090695","2022-08-10 00:18:15","0xd8da6bf26964af9d7eed9e03e53415d37aa96045","0xa06c2b67e7435ce25a5969e49983ec3304d8e787","","0","0","0","0.001239321832554795","1.95933063761415","1854.05","","","Exec Transaction",""
"0x366f039af6033c26d1630a2258db6adf3776a6bfb18b7798dd4e68e2716cc01c","15317688","1660179796","2022-08-11 01:03:16","0xd8da6bf26964af9d7eed9e03e53415d37aa96045","0xa06c2b67e7435ce25a5969e49983ec3304d8e787","","0","0","0","0.005392760339965774","8.52579231467569","1881.06","","","Exec Transaction",""
"0xe937b5991c4b2c7d867fc0d1ea9fa0b2913554d1db1d997e08c5f13765cd1b23","15317692","1660179836","2022-08-11 01:03:56","0xd8da6bf26964af9d7eed9e03e53415d37aa96045","0xa06c2b67e7435ce25a5969e49983ec3304d8e787","","0","0","0","0.004321261297136465","6.83178447293384","1881.06","","","Exec Transaction",""
"0xe72d3caa31ed601ae759b849d6dc07f3995efe46c23d479a88655adef6832511","15326660","1660302720","2022-08-12 11:12:00","0xd8da6bf26964af9d7eed9e03e53415d37aa96045","0x4dd1422f28ac835eb5bf1a8250d600dc388a31e7","","0","4","6323.88","0.000264014173899","0.417398488509102","1959.26","","","Transfer",""
"0xe592ae092eab43845101c5b765431cbef43cc82fb7ff8052ce76002f54e78c61","15326705","1660303413","2022-08-12 11:23:33","0xd8da6bf26964af9d7eed9e03e53415d37aa96045","0x4dd1422f28ac835eb5bf1a8250d600dc388a31e7","","0","4","6323.88","0.000243802883289","0.38544504439341","1959.26","","","Transfer",""
"0x6b7f6a0769d1f5a5c7328d5f1c2d7f97144723f9662185d12117aba4255bf2b2","15327176","1660309938","2022-08-12 13:12:18","0xd8da6bf26964af9d7eed9e03e53415d37aa96045","0x3afada326d4524318ce93f5ed302ddb3af507b05","","0","1.2","1897.164","0.000253643945541","0.401003468581955","1959.26","","","Transfer",""
"0x4b8a5ce1f8ba0ee1ccbe65a8f8dd10e6593d4799ab11c16d098a12f4f969ad72","15346427","1660572230","2022-08-15 14:03:50","0xd8da6bf26964af9d7eed9e03e53415d37aa96045","0xa0b86991c6218b36c1d19d4a2e9eb0ce3606eb48","","0","0","0","0.00169702916473125","2.68295219856516","1899.64","","","Transfer",""
"0xe6bd112b98e481d950192ae49e430cd8241386679cc860da34e8f8e5bfb8b425","15355565","1660696071","2022-08-17 00:27:51","0xd8da6bf26964af9d7eed9e03e53415d37aa96045","0x3a8ec7b39c37919358e554f7288185d9b75c7283","","0","10","15809.7","0.000241759472346","0.382214472994856","1834.04","","","Transfer",""
"0x4570ffbdcb23f8ec0867fe1234b4535dbdac8821a6017c3ff57cd8948efaa2a6","15355755","1660698774","2022-08-17 01:12:54","0xd8da6bf26964af9d7eed9e03e53415d37aa96045","0xa06c2b67e7435ce25a5969e49983ec3304d8e787","","0","0","0","0.00092910159016565","1.46888174100419","1834.04","","","Exec Transaction",""
"0x82daf67436be91729b073e936588ee6ea42e50eedb7e15e1fa2173f47ef9f7b3","15355759","1660698816","2022-08-17 01:13:36","0xd8da6bf26964af9d7eed9e03e53415d37aa96045","0xa06c2b67e7435ce25a5969e49983ec3304d8e787","","0","0","0","0.000987012021602145","1.56043639579234","1834.04","","","Exec Transaction",""
"0xbbe03bace61b412cb97532d4f4ce756812285a754e2ab91869cd5185b2494cf7","15355766","1660698887","2022-08-17 01:14:47","0xd8da6bf26964af9d7eed9e03e53415d37aa96045","0xa06c2b67e7435ce25a5969e49983ec3304d8e787","","0","0","0","0.000874500844658516","1.38255960037977","1834.04","","","Exec Transaction",""
"0x289d1ebf7f34b174e4fc73478a48076f7ef6fa15db8ebaecd1aef56f98bd46d0","15355770","1660698943","2022-08-17 01:15:43","0xd8da6bf26964af9d7eed9e03e53415d37aa96045","0xa06c2b67e7435ce25a5969e49983ec3304d8e787","","0","0","0","0.00092604972536802","1.46405683431508","1834.04","","","Exec Transaction",""
"0x8ca1f6296597342dd6fa4f32a5d76a844c82c1cfedcd47ca1593008b1a29146d","15360846","1660768256","2022-08-17 20:30:56","0xd8da6bf26964af9d7eed9e03e53415d37aa96045","0xa06c2b67e7435ce25a5969e49983ec3304d8e787","","0","0","0","0.001014057606545102","1.60319465421961","1834.04","","","Exec Transaction",""
"0x9797d791ce2966c009809d424be9ada5251063419a105019b2c8fcbbfddb9831","15360856","1660768441","2022-08-17 20:34:01","0xd8da6bf26964af9d7eed9e03e53415d37aa96045","0xa06c2b67e7435ce25a5969e49983ec3304d8e787","","0","0","0","0.001547981812280819","2.44731280576161","1834.04","","","Exec Transaction",""
"0x62e76fd36f9f5908dbabafad39971b19da2926d36fd18eae5f9166d1ee9da8c3","15360870","1660768667","2022-08-17 20:37:47","0xd8da6bf26964af9d7eed9e03e53415d37aa96045","0xa06c2b67e7435ce25a5969e49983ec3304d8e787","","0","0","0","0.001215266873237655","1.92130046858254","1834.04","","","Exec Transaction",""
"0xbfea89534518671a792fbe8e14c896cdaa39fdcdf2554b4401a268c480ac3aba","15360872","1660768790","2022-08-17 20:39:50","0xd8da6bf26964af9d7eed9e03e53415d37aa96045","0xa06c2b67e7435ce25a5969e49983ec3304d8e787","","0","0","0","0.001426027855187806","2.25450725821627","1834.04","","","Exec Transaction",""
"0x71f5d825d60f29ec6fe3a14b8b649c53c5f498b083397e1692fb197484bfec26","15360875","1660768803","2022-08-17 20:40:03","0xd8da6bf26964af9d7eed9e03e53415d37aa96045","0xa06c2b67e7435ce25a5969e49983ec3304d8e787","","0","0","0","0.001681154735640362","2.65785520240534","1834.04","","","Exec Transaction",""
"0x6e6c65173b55dd603577280b998acac41b3f97a625bc186c3476ce6fbbcfd696","15367556","1660860571","2022-08-18 22:09:31","0xd8da6bf26964af9d7eed9e03e53415d37aa96045","0x356a1d6fdeaec132fbeaa7822e4bf4a9c77e0be8","","0","0.011","17.39067","0.000250476633855","0.395996043825739","1846.36","","","Transfer",""
"0xfb823fcbbc8d45abe44cc4bc807dce73ebd20264035eaaeea79dcb97ea147533","15368160","1660868618","2022-08-19 00:23:38","0xd8da6bf26964af9d7eed9e03e53415d37aa96045","0xa06c2b67e7435ce25a5969e49983ec3304d8e787","","0","0","0","0.002915850496540828","4.60987215951615","1609.05","","","Exec Transaction",""
"0x31ad6e86ece5865f20064a5c2d983c88e830e3a57ae7a1286a24225214c2994f","15369042","1660880581","2022-08-19 03:43:01","0xdbebb14e983df697312fba8da2d94df3f640e313","0xd8da6bf26964af9d7eed9e03e53415d37aa96045","","0.00022","0","0.3478134","0.000478215940881","0.756045056054635","1609.05","","","Transfer",""
"0xcbd396e130c646b0ff40deca57274e186086f9c48e9becbc26177acd34b77c67","15372047","1660922496","2022-08-19 15:21:36","0xd8da6bf26964af9d7eed9e03e53415d37aa96045","0x356a1d6fdeaec132fbeaa7822e4bf4a9c77e0be8","","0","119","188135.43","0.00036288683319","0.573713196668394","1609.05","","","Transfer",""
"0x5aa1a06f9a0a105288de0da80676661295a3e08fc6a73da0255551c24165afcf","15374090","1660950380","2022-08-19 23:06:20","0xd8da6bf26964af9d7eed9e03e53415d37aa96045","0xde21f729137c5af1b01d73af1dc21effa2b8a0d6","","0","60","94858.2","0.000292475318852116","0.46239470484563","1609.05","","","Transfer",""
"0x53c734d957ee5aaa2d91803eb5ccd54391deff06e87839de3c48d366b2184052","15390939","1661180660","2022-08-22 15:04:20","0xd8da6bf26964af9d7eed9e03e53415d37aa96045","0x7450b5add06b094b839054659525ae40b9e70fb4","","0","500","790485","0.000448780677324","0.709508787428924","1624.65","","","Transfer",""
"0x85d3f890e99e55a463eaf1702010bd7d3b13fdeefc2e571a09f40c349686793c","15392055","1661195477","2022-08-22 19:11:17","0x6e7358fd9d88f8bde88dc42c6c57109f9850d080","0xd8da6bf26964af9d7eed9e03e53415d37aa96045","","0.001","0","1.58097","0.000501764476584","0.793274584545007","1624.65","","","Transfer",""
"0x3a0eb91bf658fd9e39758e8fbf89568a270ac89cb1583be067fade3448b341e2","15392395","1661200499","2022-08-22 20:34:59","0x3510a06cd853b80dc0a85be6e6dcc83efbc92845","0xd8da6bf26964af9d7eed9e03e53415d37aa96045","","0","0","0","0.000558212189669544","0.882516725501859","1624.65","","","0x45636f73",""
"0x2d2d3d20d4d84f38f95647ea81d41ddae548cda71c6f34154e22d8ae5b79e67f","15395230","1661238698","2022-08-23 07:11:38","0x9117640ecab0340bcf3ed216d862b824fd33849a","0xd8da6bf26964af9d7eed9e03e53415d37aa96045","","0.0001","0","0.158097","0.000177267134394","0.280254021462882","1664.76","","","Transfer",""
"0x4dfec8c5447fe36af64e02c2d69c2b07038f0e3b634fb99bb358a6b309d590a5","15396556","1661257909","2022-08-23 12:31:49","0x6f5bad7e59bed7c49518957ebb6be357ba13e680","0xd8da6bf26964af9d7eed9e03e53415d37aa96045","","0.003073583546837","0","4.85924338004289","0.000294920076402","0.46625979318927","1664.76","","","Transfer",""
"0x21b0614a7d4b2e41830861ade78bace34f8244d438a9edf9e86df21d64803899","15397526","1661269816","2022-08-23 15:50:16","0x033b20799a993a40bb693b7a4b801f94773a0f77","0xd8da6bf26964af9d7eed9e03e53415d37aa96045","","0.00001","0","0.0158097","0.000283076617173","0.447535639451998","1664.76","","","Transfer",""
"0xdccc2ccced0674d1017b84ee0c998c2a95124003e4f1a024a5d729e00ca18eb7","15410368","1661448002","2022-08-25 17:20:02","0xd8da6bf26964af9d7eed9e03e53415d37aa96045","0xa06c2b67e7435ce25a5969e49983ec3304d8e787","","0","0","0","0.003623557523119695","5.72873573732654","1695.85","","","Exec Transaction",""
"0x8960c3f923940e09041ad3f70a19fc8968c485632b65f3a552b57c4bd99a7a48","15410371","1661448031","2022-08-25 17:20:31","0xd8da6bf26964af9d7eed9e03e53415d37aa96045","0xa06c2b67e7435ce25a5969e49983ec3304d8e787","","0","0","0","0.0031321022080805","4.95175962790903","1695.85","","","Exec Transaction",""
"0xb975ebf76babbcc2cdb83082b62547284b1d7097569176ab1d8c8b0cadbda0c9","15410374","1661448073","2022-08-25 17:21:13","0xd8da6bf26964af9d7eed9e03e53415d37aa96045","0xa06c2b67e7435ce25a5969e49983ec3304d8e787","","0","0","0","0.00300917731777767","4.75741906408696","1695.85","","","Exec Transaction",""
"0x42b11999f7a594e495e66336675e9c72e484bccb352af13f6b3b25f7c27e7007","15411706","1661466506","2022-08-25 22:28:26","0xad10855eaaa90532018180caf7b2d67001a4b649","0xd8da6bf26964af9d7eed9e03e53415d37aa96045","","0","0","0","0.000345579691358032","0.546351124646308","1695.85","","","0x77686f20",""
"0xcc9c0a407480d9e7e26deea51bb5c886d2f242707fd12a2e38ba4c6787e70185","15424863","1661648558","2022-08-28 01:02:38","0xd8da6bf26964af9d7eed9e03e53415d37aa96045","0x5bf5bcc5362f88721167c1068b58c60cad075aac","","0","0","0","0.000508111379723727","0.803308848001821","1426.40","","","Set Message",""
"0x14c215e9dd15dbf850eb7ddb1e559ef71f6e1b058411c36933deb6d8652e56be","15453001","1662036952","2022-09-01 12:55:52","0xedd2529a8993061170af961c75cd092e6f521026","0xd8da6bf26964af9d7eed9e03e53415d37aa96045","","0","0","0","0.000846698508922976","1.33860494165196","1585.98","","","0x30313130",""
"0x24355ca5eb4f4b6e4ea2ec94a316a60b6582e55e40b7edb175d0580870a70c33","15455671","1662074162","2022-09-01 23:16:02","0xd8da6bf26964af9d7eed9e03e53415d37aa96045","0xa06c2b67e7435ce25a5969e49983ec3304d8e787","","0","0","0","0.00227426881032637","3.59555076106168","1585.98","","","Exec Transaction",""
"0xbaa6de5fb7fc3dcf5331734c37602422f502b7b8f8531067ec7adb255ee01e97","15461214","1662149896","2022-09-02 20:18:16","0xe0def774872ed742e03ceb51759ab9a5a9a9a496","0xd8da6bf26964af9d7eed9e03e53415d37aa96045","","0.001","0","1.58097","0.000258912701523","0.409333213726817","1574.02","","","Transfer",""
"0x7e0b0e304498521a859497fffebe26a19eb2293420122e4c0e306c515cd2d4aa","15462088","1662162251","2022-09-02 23:44:11","0x07a2797a8ead21b707a67bf2a656ccc552b44fe1","0xd8da6bf26964af9d7eed9e03e53415d37aa96045","","0.000634771513993538","0","1.00355472047836","0.000162451956219","0.256831669223552","1574.02","","","Transfer",""
"0xb44ea1419424a6ee80d968449953125c75986e978ea6186b31f7733093a36117","15465222","1662205870","2022-09-03 11:51:10","0x9bea6f8da78e7236350f012b58360fe1cefbf412","0xd8da6bf26964af9d7eed9e03e53415d37aa96045","","0","0","0","0.000167362154484448","0.264594545375278","1557.54","","","0x49742773",""
"0x81cb8266af00e3ee9e3b491cc1354dc69dd05a680bf801e5606b31fca231da66","15465774","1662213500","2022-09-03 13:58:20","0xd8da6bf26964af9d7eed9e03e53415d37aa96045","0xa06c2b67e7435ce25a5969e49983ec3304d8e787","","0","0","0","0.000795010357885414","1.2568875255061","1557.54","","","Exec Transaction",""
"0xbaf68f391df3460845247a6c5bd19575e1397617fda09d51b689b6e70562f7f7","15467534","1662237851","2022-09-03 20:44:11","0x9bea6f8da78e7236350f012b58360fe1cefbf412","0xd8da6bf26964af9d7eed9e03e53415d37aa96045","","0","0","0","0.000147969137649928","0.233934767550407","1557.54","","","0x57652077",""
"0xea7cf5571f7b9f894ce53dc2680a1293368f97231045fe0aeed0aa14b656fb69","15467603","1662239096","2022-09-03 21:04:56","0xfd54dbab9b73bea0aa8211cb548378193ec93cfc","0xd8da6bf26964af9d7eed9e03e53415d37aa96045","","0.000000000000000369","0","0.00000000000058337793","0.000221654647002096","0.350429347270904","1557.54","","","-",""
"0xb5e3a4e4dc15cf4381b5df78bc6f64b04bc2ff047dce4d35225a43832ee398ae","15467622","1662239445","2022-09-03 21:10:45","0xfd54dbab9b73bea0aa8211cb548378193ec93cfc","0xd8da6bf26964af9d7eed9e03e53415d37aa96045","","0.000000000000000369","0","0.00000000000058337793","0.000260602110323976","0.412004118358896","1557.54","","","0x2e2e2e20",""
"0x6c98fdf3f9267b9367fa71ea955a48598173380787c75a5c029a096b67e84d68","15467697","1662240449","2022-09-03 21:27:29","0xfd54dbab9b73bea0aa8211cb548378193ec93cfc","0xd8da6bf26964af9d7eed9e03e53415d37aa96045","","0.000000000000000369","0","0.00000000000058337793","0.000139275267494","0.220190019649989","1557.54","","","0x31353636",""
"0xe6b3f1f0163ea9721a37928139b111a8bd83a40c3f14c9ae0865307b0ba82b16","15470024","1662272134","2022-09-04 06:15:34","0x7a5977185b1341e3f2fcfc5384134364efd2fe5a","0xd8da6bf26964af9d7eed9e03e53415d37aa96045","","0.000000000000001","0","0.00000000000158097","0.000178998988613952","0.282992031029","1579.06","","","0x49207761",""
"0x23765f327e47f9369cdaff73207962435ec857da08894480744947a0d53bd8c5","15472837","1662311568","2022-09-04 17:12:48","0xa6028c63e4d9f7be67ffbf3c79cb884eb8c70629","0xd8da6bf26964af9d7eed9e03e53415d37aa96045","","0.02","0","31.6194","0.000552264264153","0.873113233697968","1579.06","","","Transfer",""
"0x48a1cda142483dc9c2f18f4fb81fa9f7c440658809b0ca213ba08d1356d80e08","15473336","1662318142","2022-09-04 19:02:22","0x9bea6f8da78e7236350f012b58360fe1cefbf412","0xd8da6bf26964af9d7eed9e03e53415d37aa96045","","0","0","0","0.000169076263764464","0.267304500723705","1579.06","","","0x4c657420",""
"0x661c62e1fabd5205ce2216016d69ec91886fe6f91202675226fcc4780d6877e5","15478241","1662386162","2022-09-05 13:56:02","0x00d5cbfb11c95ed8345caaddf0fff073fa4dba7e","0xd8da6bf26964af9d7eed9e03e53415d37aa96045","","0.00104120281029504","0","1.64611040699215","0.000234459701511","0.370673754297846","1617.50","","","Transfer",""
"0x88262c2a06c7d9bac25993d524211c3c52f0e222f91502a883b6ced03a91c1ac","15480433","1662417133","2022-09-05 22:32:13","0x9bea6f8da78e7236350f012b58360fe1cefbf412","0xd8da6bf26964af9d7eed9e03e53415d37aa96045","","0","0","0","0.000179200227142416","0.283310183105345","1617.50","","","0x4d656c6f",""
"0x27bc4abcb1fd30a0c7b8f7e53038bd27f211af627736874786521c1e00e3e35b","15492787","1662588295","2022-09-07 22:04:55","0x9bea6f8da78e7236350f012b58360fe1cefbf412","0xd8da6bf26964af9d7eed9e03e53415d37aa96045","","0","0","0","0.000992425095026424","1.56899430248393","1630.00","","","0x4d657267",""
"0x7335840c9ad83392b245532cbe39fd36901969bef579720051dd4ba977298dea","15498112","1662660987","2022-09-08 18:16:27","0xc64434b8a7fcd1c597a67bc151a6e3424aebd3e2","0xd8da6bf26964af9d7eed9e03e53415d37aa96045","","0","0","0","0.000737813167581","1.16646048355053","1635.60","","","Transfer",""
"0xdbd59729237fb4fb1fa132e94f010197a84a560529a2db2293fb78c7f1ef1e0f","15500275","1662691114","2022-09-09 02:38:34","0xd8da6bf26964af9d7eed9e03e53415d37aa96045","0x4976fb03c32e5b8cfe2b6ccb31c09ba78ebaba41","","0","0","0","0.000549058774268775","0.868045450355705","1719.35","","","Set Contenthash",""
